Stationscode;Datum;"Feinstaub (PM₁₀) Tagesmittel (stündlich gleitend) in µg/m³";"Ozon (O₃) Ein-Stunden-Mittelwert in µg/m³";"Stickstoffdioxid (NO₂) Ein-Stunden-Mittelwert in µg/m³";"Feinstaub (PM₂,₅) Tagesmittel (stündlich gleitend) in µg/m³";Luftqualitätsindex
DENW212;"'01.01.2024 01:00'";10;-;-;8;"sehr gut"
DENW212;"'01.01.2024 02:00'";11;-;20;9;"sehr gut"
DENW212;"'01.01.2024 03:00'";12;-;16;9;"sehr gut"
DENW212;"'01.01.2024 04:00'";12;-;10;9;"sehr gut"
DENW212;"'01.01.2024 05:00'";12;-;9;9;"sehr gut"
DENW212;"'01.01.2024 06:00'";12;-;8;9;"sehr gut"
DENW212;"'01.01.2024 07:00'";12;-;10;9;"sehr gut"
DENW212;"'01.01.2024 08:00'";13;-;7;9;"sehr gut"
DENW212;"'01.01.2024 09:00'";13;-;9;9;"sehr gut"
DENW212;"'01.01.2024 10:00'";13;-;7;9;"sehr gut"
DENW212;"'01.01.2024 11:00'";13;-;7;9;"sehr gut"
DENW212;"'01.01.2024 12:00'";13;-;12;9;"sehr gut"
DENW212;"'01.01.2024 13:00'";13;-;11;9;"sehr gut"
DENW212;"'01.01.2024 14:00'";13;-;11;9;"sehr gut"
DENW212;"'01.01.2024 15:00'";14;-;14;10;"sehr gut"
DENW212;"'01.01.2024 16:00'";14;-;15;10;"sehr gut"
DENW212;"'01.01.2024 17:00'";14;-;18;10;"sehr gut"
DENW212;"'01.01.2024 18:00'";14;-;15;10;"sehr gut"
DENW212;"'01.01.2024 19:00'";14;-;19;10;"sehr gut"
DENW212;"'01.01.2024 20:00'";14;-;22;10;gut
DENW212;"'01.01.2024 21:00'";15;-;16;10;"sehr gut"
DENW212;"'01.01.2024 22:00'";15;-;20;10;"sehr gut"
DENW212;"'01.01.2024 23:00'";15;-;24;10;gut
DENW212;"'01.01.2024 24:00'";15;-;25;10;gut
DENW212;"'02.01.2024 01:00'";10;-;18;6;"sehr gut"
DENW212;"'02.01.2024 02:00'";9;-;-;5;"sehr gut"
DENW212;"'02.01.2024 03:00'";9;-;13;5;"sehr gut"
DENW212;"'02.01.2024 04:00'";9;-;12;5;"sehr gut"
DENW212;"'02.01.2024 05:00'";8;-;7;5;"sehr gut"
DENW212;"'02.01.2024 06:00'";8;-;10;5;"sehr gut"
DENW212;"'02.01.2024 07:00'";8;-;25;4;gut
DENW212;"'02.01.2024 08:00'";7;-;26;4;gut
DENW212;"'02.01.2024 09:00'";7;-;21;4;gut
DENW212;"'02.01.2024 10:00'";7;-;24;4;gut
DENW212;"'02.01.2024 11:00'";7;-;35;4;gut
DENW212;"'02.01.2024 12:00'";7;-;21;4;gut
DENW212;"'02.01.2024 13:00'";7;-;17;4;"sehr gut"
DENW212;"'02.01.2024 14:00'";6;-;23;4;gut
DENW212;"'02.01.2024 15:00'";6;-;27;3;gut
DENW212;"'02.01.2024 16:00'";6;-;29;3;gut
DENW212;"'02.01.2024 17:00'";5;-;27;3;gut
DENW212;"'02.01.2024 18:00'";5;-;37;3;gut
DENW212;"'02.01.2024 19:00'";4;-;19;2;"sehr gut"
DENW212;"'02.01.2024 20:00'";4;-;15;2;"sehr gut"
DENW212;"'02.01.2024 21:00'";3;-;14;2;"sehr gut"
DENW212;"'02.01.2024 22:00'";3;-;9;2;"sehr gut"
DENW212;"'02.01.2024 23:00'";3;-;8;2;"sehr gut"
DENW212;"'02.01.2024 24:00'";2;-;7;1;"sehr gut"
DENW212;"'03.01.2024 01:00'";2;-;5;1;"sehr gut"
DENW212;"'03.01.2024 02:00'";3;-;5;1;"sehr gut"
DENW212;"'03.01.2024 03:00'";3;-;-;1;"sehr gut"
DENW212;"'03.01.2024 04:00'";3;-;5;1;"sehr gut"
DENW212;"'03.01.2024 05:00'";3;-;5;2;"sehr gut"
DENW212;"'03.01.2024 06:00'";3;-;8;2;"sehr gut"
DENW212;"'03.01.2024 07:00'";3;-;11;2;"sehr gut"
DENW212;"'03.01.2024 08:00'";3;-;16;2;"sehr gut"
DENW212;"'03.01.2024 09:00'";4;-;14;2;"sehr gut"
DENW212;"'03.01.2024 10:00'";4;-;15;2;"sehr gut"
DENW212;"'03.01.2024 11:00'";4;-;19;2;"sehr gut"
DENW212;"'03.01.2024 12:00'";4;-;-;2;"sehr gut"
DENW212;"'03.01.2024 13:00'";4;-;13;2;"sehr gut"
DENW212;"'03.01.2024 14:00'";5;-;12;3;"sehr gut"
DENW212;"'03.01.2024 15:00'";5;-;14;3;"sehr gut"
DENW212;"'03.01.2024 16:00'";5;-;20;3;"sehr gut"
DENW212;"'03.01.2024 17:00'";5;-;29;3;gut
DENW212;"'03.01.2024 18:00'";5;-;30;3;gut
DENW212;"'03.01.2024 19:00'";5;-;20;3;"sehr gut"
DENW212;"'03.01.2024 20:00'";5;-;17;3;"sehr gut"
DENW212;"'03.01.2024 21:00'";6;-;14;3;"sehr gut"
DENW212;"'03.01.2024 22:00'";6;-;12;3;"sehr gut"
DENW212;"'03.01.2024 23:00'";6;-;10;3;"sehr gut"
DENW212;"'03.01.2024 24:00'";6;-;7;3;"sehr gut"
DENW212;"'04.01.2024 01:00'";5;-;5;3;"sehr gut"
DENW212;"'04.01.2024 02:00'";5;-;6;3;"sehr gut"
DENW212;"'04.01.2024 03:00'";5;-;5;3;"sehr gut"
DENW212;"'04.01.2024 04:00'";5;-;6;3;"sehr gut"
DENW212;"'04.01.2024 05:00'";5;-;8;3;"sehr gut"
DENW212;"'04.01.2024 06:00'";5;-;14;3;"sehr gut"
DENW212;"'04.01.2024 07:00'";5;-;15;3;"sehr gut"
DENW212;"'04.01.2024 08:00'";5;-;17;3;"sehr gut"
DENW212;"'04.01.2024 09:00'";5;-;29;3;gut
DENW212;"'04.01.2024 10:00'";5;-;45;3;mäßig
DENW212;"'04.01.2024 11:00'";5;-;29;3;gut
DENW212;"'04.01.2024 12:00'";5;-;23;3;gut
DENW212;"'04.01.2024 13:00'";5;-;-;3;"sehr gut"
DENW212;"'04.01.2024 14:00'";5;-;25;3;gut
DENW212;"'04.01.2024 15:00'";5;-;24;3;gut
DENW212;"'04.01.2024 16:00'";5;-;28;3;gut
DENW212;"'04.01.2024 17:00'";6;-;45;3;mäßig
DENW212;"'04.01.2024 18:00'";6;-;36;3;gut
DENW212;"'04.01.2024 19:00'";6;-;36;4;gut
DENW212;"'04.01.2024 20:00'";6;-;42;4;mäßig
DENW212;"'04.01.2024 21:00'";6;-;41;4;mäßig
DENW212;"'04.01.2024 22:00'";7;-;43;4;mäßig
DENW212;"'04.01.2024 23:00'";7;-;33;4;gut
DENW212;"'04.01.2024 24:00'";7;-;20;4;"sehr gut"
DENW212;"'05.01.2024 01:00'";7;-;18;4;"sehr gut"
DENW212;"'05.01.2024 02:00'";8;-;18;5;"sehr gut"
DENW212;"'05.01.2024 03:00'";8;-;19;5;"sehr gut"
DENW212;"'05.01.2024 04:00'";8;-;20;5;"sehr gut"
DENW212;"'05.01.2024 05:00'";8;-;17;5;"sehr gut"
DENW212;"'05.01.2024 06:00'";8;-;24;5;gut
DENW212;"'05.01.2024 07:00'";8;-;23;5;gut
DENW212;"'05.01.2024 08:00'";8;-;38;5;gut
DENW212;"'05.01.2024 09:00'";8;-;32;5;gut
DENW212;"'05.01.2024 10:00'";8;-;26;5;gut
DENW212;"'05.01.2024 11:00'";8;-;22;5;gut
DENW212;"'05.01.2024 12:00'";8;-;22;5;gut
DENW212;"'05.01.2024 13:00'";8;-;23;5;gut
DENW212;"'05.01.2024 14:00'";8;-;-;5;"sehr gut"
DENW212;"'05.01.2024 15:00'";7;-;20;4;"sehr gut"
DENW212;"'05.01.2024 16:00'";7;-;19;4;"sehr gut"
DENW212;"'05.01.2024 17:00'";7;-;23;4;gut
DENW212;"'05.01.2024 18:00'";7;-;25;4;gut
DENW212;"'05.01.2024 19:00'";6;-;21;4;gut
DENW212;"'05.01.2024 20:00'";6;-;19;4;"sehr gut"
DENW212;"'05.01.2024 21:00'";6;-;16;4;"sehr gut"
DENW212;"'05.01.2024 22:00'";6;-;18;3;"sehr gut"
DENW212;"'05.01.2024 23:00'";5;-;21;3;gut
DENW212;"'05.01.2024 24:00'";5;-;22;3;gut
DENW212;"'06.01.2024 01:00'";5;-;20;3;"sehr gut"
DENW212;"'06.01.2024 02:00'";5;-;17;3;"sehr gut"
DENW212;"'06.01.2024 03:00'";5;-;16;3;"sehr gut"
DENW212;"'06.01.2024 04:00'";5;-;19;3;"sehr gut"
DENW212;"'06.01.2024 05:00'";5;-;20;3;"sehr gut"
DENW212;"'06.01.2024 06:00'";5;-;22;4;gut
DENW212;"'06.01.2024 07:00'";6;-;17;4;"sehr gut"
DENW212;"'06.01.2024 08:00'";6;-;20;4;"sehr gut"
DENW212;"'06.01.2024 09:00'";6;-;21;4;gut
DENW212;"'06.01.2024 10:00'";6;-;18;5;"sehr gut"
DENW212;"'06.01.2024 11:00'";6;-;19;5;"sehr gut"
DENW212;"'06.01.2024 12:00'";7;-;19;5;"sehr gut"
DENW212;"'06.01.2024 13:00'";7;-;20;6;"sehr gut"
DENW212;"'06.01.2024 14:00'";7;-;23;6;gut
DENW212;"'06.01.2024 15:00'";8;-;-;6;"sehr gut"
DENW212;"'06.01.2024 16:00'";8;-;27;7;gut
DENW212;"'06.01.2024 17:00'";10;-;30;8;gut
DENW212;"'06.01.2024 18:00'";11;-;34;9;gut
DENW212;"'06.01.2024 19:00'";12;-;33;10;gut
DENW212;"'06.01.2024 20:00'";13;-;32;11;gut
DENW212;"'06.01.2024 21:00'";13;-;27;12;gut
DENW212;"'06.01.2024 22:00'";14;-;23;12;gut
DENW212;"'06.01.2024 23:00'";15;-;25;13;gut
DENW212;"'06.01.2024 24:00'";15;-;25;14;gut
DENW212;"'07.01.2024 01:00'";16;-;23;14;gut
DENW212;"'07.01.2024 02:00'";16;-;23;14;gut
DENW212;"'07.01.2024 03:00'";16;-;21;15;gut
DENW212;"'07.01.2024 04:00'";16;-;17;15;gut
DENW212;"'07.01.2024 05:00'";16;-;15;15;gut
DENW212;"'07.01.2024 06:00'";16;-;15;15;gut
DENW212;"'07.01.2024 07:00'";16;-;16;15;gut
DENW212;"'07.01.2024 08:00'";17;-;14;15;gut
DENW212;"'07.01.2024 09:00'";17;-;13;15;gut
DENW212;"'07.01.2024 10:00'";17;-;15;16;gut
DENW212;"'07.01.2024 11:00'";17;-;13;16;gut
DENW212;"'07.01.2024 12:00'";17;-;16;16;gut
DENW212;"'07.01.2024 13:00'";17;-;15;16;gut
DENW212;"'07.01.2024 14:00'";17;-;14;16;gut
DENW212;"'07.01.2024 15:00'";17;-;13;16;gut
DENW212;"'07.01.2024 16:00'";17;-;-;16;gut
DENW212;"'07.01.2024 17:00'";16;-;-;14;gut
DENW212;"'07.01.2024 18:00'";15;-;12;14;gut
DENW212;"'07.01.2024 19:00'";14;-;12;12;gut
DENW212;"'07.01.2024 20:00'";14;-;9;12;gut
DENW212;"'07.01.2024 21:00'";13;-;9;11;gut
DENW212;"'07.01.2024 22:00'";13;-;12;11;gut
DENW212;"'07.01.2024 23:00'";12;-;13;10;"sehr gut"
DENW212;"'07.01.2024 24:00'";12;-;8;10;"sehr gut"
DENW212;"'08.01.2024 01:00'";11;-;6;9;"sehr gut"
DENW212;"'08.01.2024 02:00'";11;-;7;9;"sehr gut"
DENW212;"'08.01.2024 03:00'";11;-;7;9;"sehr gut"
DENW212;"'08.01.2024 04:00'";11;-;9;8;"sehr gut"
DENW212;"'08.01.2024 05:00'";11;-;9;8;"sehr gut"
DENW212;"'08.01.2024 06:00'";10;-;14;8;"sehr gut"
DENW212;"'08.01.2024 07:00'";10;-;22;8;gut
DENW212;"'08.01.2024 08:00'";10;-;26;8;gut
DENW212;"'08.01.2024 09:00'";10;-;20;7;"sehr gut"
DENW212;"'08.01.2024 10:00'";10;-;14;7;"sehr gut"
DENW212;"'08.01.2024 11:00'";10;-;18;7;"sehr gut"
DENW212;"'08.01.2024 12:00'";10;-;16;7;"sehr gut"
DENW212;"'08.01.2024 13:00'";9;-;11;7;"sehr gut"
DENW212;"'08.01.2024 14:00'";9;-;15;6;"sehr gut"
DENW212;"'08.01.2024 15:00'";9;-;15;6;"sehr gut"
DENW212;"'08.01.2024 16:00'";9;-;17;6;"sehr gut"
DENW212;"'08.01.2024 17:00'";9;-;-;6;"sehr gut"
DENW212;"'08.01.2024 18:00'";9;-;18;6;"sehr gut"
DENW212;"'08.01.2024 19:00'";9;-;20;6;"sehr gut"
DENW212;"'08.01.2024 20:00'";10;-;19;7;"sehr gut"
DENW212;"'08.01.2024 21:00'";10;-;19;7;"sehr gut"
DENW212;"'08.01.2024 22:00'";10;-;20;7;"sehr gut"
DENW212;"'08.01.2024 23:00'";10;-;16;7;"sehr gut"
DENW212;"'08.01.2024 24:00'";10;-;14;7;"sehr gut"
DENW212;"'09.01.2024 01:00'";11;-;13;8;"sehr gut"
DENW212;"'09.01.2024 02:00'";11;-;12;8;"sehr gut"
DENW212;"'09.01.2024 03:00'";11;-;11;8;"sehr gut"
DENW212;"'09.01.2024 04:00'";11;-;19;8;"sehr gut"
DENW212;"'09.01.2024 05:00'";11;-;24;8;gut
DENW212;"'09.01.2024 06:00'";11;-;26;8;gut
DENW212;"'09.01.2024 07:00'";11;-;44;8;mäßig
DENW212;"'09.01.2024 08:00'";11;-;54;8;mäßig
DENW212;"'09.01.2024 09:00'";11;-;61;8;mäßig
DENW212;"'09.01.2024 10:00'";12;-;60;8;mäßig
DENW212;"'09.01.2024 11:00'";13;-;54;8;mäßig
DENW212;"'09.01.2024 12:00'";13;-;48;9;mäßig
DENW212;"'09.01.2024 13:00'";14;-;46;9;mäßig
DENW212;"'09.01.2024 14:00'";14;-;43;9;mäßig
DENW212;"'09.01.2024 15:00'";15;-;47;9;mäßig
DENW212;"'09.01.2024 16:00'";15;-;53;9;mäßig
DENW212;"'09.01.2024 17:00'";16;-;58;10;mäßig
DENW212;"'09.01.2024 18:00'";17;-;-;10;"sehr gut"
DENW212;"'09.01.2024 19:00'";17;-;65;10;mäßig
DENW212;"'09.01.2024 20:00'";18;-;68;10;mäßig
DENW212;"'09.01.2024 21:00'";19;-;66;11;mäßig
DENW212;"'09.01.2024 22:00'";19;-;68;11;mäßig
DENW212;"'09.01.2024 23:00'";20;-;70;12;mäßig
DENW212;"'09.01.2024 24:00'";21;-;66;12;mäßig
DENW212;"'10.01.2024 01:00'";21;-;63;13;mäßig
DENW212;"'10.01.2024 02:00'";22;-;57;13;mäßig
DENW212;"'10.01.2024 03:00'";22;-;55;13;mäßig
DENW212;"'10.01.2024 04:00'";22;-;55;13;mäßig
DENW212;"'10.01.2024 05:00'";23;-;55;14;mäßig
DENW212;"'10.01.2024 06:00'";23;-;55;14;mäßig
DENW212;"'10.01.2024 07:00'";23;-;55;14;mäßig
DENW212;"'10.01.2024 08:00'";23;-;61;14;mäßig
DENW212;"'10.01.2024 09:00'";24;-;67;15;mäßig
DENW212;"'10.01.2024 10:00'";24;-;64;15;mäßig
DENW212;"'10.01.2024 11:00'";24;-;49;15;mäßig
DENW212;"'10.01.2024 12:00'";24;-;42;15;mäßig
DENW212;"'10.01.2024 13:00'";25;-;42;16;mäßig
DENW212;"'10.01.2024 14:00'";25;-;39;16;gut
DENW212;"'10.01.2024 15:00'";26;-;36;17;gut
DENW212;"'10.01.2024 16:00'";26;-;37;17;gut
DENW212;"'10.01.2024 17:00'";26;-;44;17;mäßig
DENW212;"'10.01.2024 18:00'";26;-;50;17;mäßig
DENW212;"'10.01.2024 19:00'";26;-;-;18;gut
DENW212;"'10.01.2024 20:00'";27;-;62;18;mäßig
DENW212;"'10.01.2024 21:00'";27;-;60;18;mäßig
DENW212;"'10.01.2024 22:00'";27;-;58;19;mäßig
DENW212;"'10.01.2024 23:00'";27;-;59;19;mäßig
DENW212;"'10.01.2024 24:00'";27;-;61;20;mäßig
DENW212;"'11.01.2024 01:00'";28;-;55;20;mäßig
DENW212;"'11.01.2024 02:00'";29;-;50;21;mäßig
DENW212;"'11.01.2024 03:00'";29;-;49;22;mäßig
DENW212;"'11.01.2024 04:00'";30;-;55;22;mäßig
DENW212;"'11.01.2024 05:00'";31;-;55;23;mäßig
DENW212;"'11.01.2024 06:00'";32;-;55;24;mäßig
DENW212;"'11.01.2024 07:00'";33;-;53;25;mäßig
DENW212;"'11.01.2024 08:00'";34;-;55;26;schlecht
DENW212;"'11.01.2024 09:00'";35;-;56;27;schlecht
DENW212;"'11.01.2024 10:00'";36;-;56;28;schlecht
DENW212;"'11.01.2024 11:00'";37;-;63;29;schlecht
DENW212;"'11.01.2024 12:00'";38;-;69;30;schlecht
DENW212;"'11.01.2024 13:00'";40;-;67;31;schlecht
DENW212;"'11.01.2024 14:00'";42;-;61;32;schlecht
DENW212;"'11.01.2024 15:00'";45;-;65;33;schlecht
DENW212;"'11.01.2024 16:00'";47;-;63;34;schlecht
DENW212;"'11.01.2024 17:00'";49;-;68;36;schlecht
DENW212;"'11.01.2024 18:00'";51;-;63;37;schlecht
DENW212;"'11.01.2024 19:00'";53;-;57;38;schlecht
DENW212;"'11.01.2024 20:00'";54;-;-;39;schlecht
DENW212;"'11.01.2024 21:00'";54;-;54;39;schlecht
DENW212;"'11.01.2024 22:00'";53;-;55;38;schlecht
DENW212;"'11.01.2024 23:00'";53;-;57;38;schlecht
DENW212;"'11.01.2024 24:00'";53;-;54;38;schlecht
DENW212;"'12.01.2024 01:00'";53;-;45;38;schlecht
DENW212;"'12.01.2024 02:00'";53;-;43;38;schlecht
DENW212;"'12.01.2024 03:00'";53;-;42;38;schlecht
DENW212;"'12.01.2024 04:00'";53;-;45;38;schlecht
DENW212;"'12.01.2024 05:00'";53;-;41;38;schlecht
DENW212;"'12.01.2024 06:00'";53;-;43;38;schlecht
DENW212;"'12.01.2024 07:00'";53;-;46;38;schlecht
DENW212;"'12.01.2024 08:00'";53;-;47;38;schlecht
DENW212;"'12.01.2024 09:00'";53;-;52;38;schlecht
DENW212;"'12.01.2024 10:00'";52;-;50;38;schlecht
DENW212;"'12.01.2024 11:00'";51;-;46;37;schlecht
DENW212;"'12.01.2024 12:00'";50;-;47;36;schlecht
DENW212;"'12.01.2024 13:00'";48;-;50;35;schlecht
DENW212;"'12.01.2024 14:00'";45;-;44;34;schlecht
DENW212;"'12.01.2024 15:00'";42;-;49;33;schlecht
DENW212;"'12.01.2024 16:00'";40;-;49;32;schlecht
DENW212;"'12.01.2024 17:00'";38;-;46;31;schlecht
DENW212;"'12.01.2024 18:00'";36;-;48;30;schlecht
DENW212;"'12.01.2024 19:00'";34;-;52;29;schlecht
DENW212;"'12.01.2024 20:00'";34;-;53;28;schlecht
DENW212;"'12.01.2024 21:00'";34;-;-;28;schlecht
DENW212;"'12.01.2024 22:00'";34;-;52;29;schlecht
DENW212;"'12.01.2024 23:00'";34;-;50;29;schlecht
DENW212;"'12.01.2024 24:00'";34;-;47;28;schlecht
DENW212;"'13.01.2024 01:00'";34;-;44;28;schlecht
DENW212;"'13.01.2024 02:00'";34;-;47;28;schlecht
DENW212;"'13.01.2024 03:00'";34;-;40;28;schlecht
DENW212;"'13.01.2024 04:00'";33;-;35;28;schlecht
DENW212;"'13.01.2024 05:00'";32;-;32;27;schlecht
DENW212;"'13.01.2024 06:00'";32;-;33;26;schlecht
DENW212;"'13.01.2024 07:00'";30;-;32;25;mäßig
DENW212;"'13.01.2024 08:00'";29;-;35;24;mäßig
DENW212;"'13.01.2024 09:00'";28;-;37;23;mäßig
DENW212;"'13.01.2024 10:00'";28;-;34;23;mäßig
DENW212;"'13.01.2024 11:00'";28;-;31;23;mäßig
DENW212;"'13.01.2024 12:00'";27;-;35;22;mäßig
DENW212;"'13.01.2024 13:00'";27;-;30;22;mäßig
DENW212;"'13.01.2024 14:00'";26;-;38;21;mäßig
DENW212;"'13.01.2024 15:00'";26;-;37;21;mäßig
DENW212;"'13.01.2024 16:00'";25;-;40;20;gut
DENW212;"'13.01.2024 17:00'";25;-;38;20;gut
DENW212;"'13.01.2024 18:00'";25;-;37;20;gut
DENW212;"'13.01.2024 19:00'";24;-;39;20;gut
DENW212;"'13.01.2024 20:00'";24;-;33;20;gut
DENW212;"'13.01.2024 21:00'";23;-;26;20;gut
DENW212;"'13.01.2024 22:00'";23;-;-;19;gut
DENW212;"'13.01.2024 23:00'";22;-;32;19;gut
DENW212;"'13.01.2024 24:00'";22;-;34;19;gut
DENW212;"'14.01.2024 01:00'";22;-;24;19;gut
DENW212;"'14.01.2024 02:00'";21;-;17;18;gut
DENW212;"'14.01.2024 03:00'";21;-;13;18;gut
DENW212;"'14.01.2024 04:00'";20;-;12;18;gut
DENW212;"'14.01.2024 05:00'";20;-;15;18;gut
DENW212;"'14.01.2024 06:00'";20;-;15;17;gut
DENW212;"'14.01.2024 07:00'";19;-;15;17;gut
DENW212;"'14.01.2024 08:00'";19;-;17;17;gut
DENW212;"'14.01.2024 09:00'";19;-;21;16;gut
DENW212;"'14.01.2024 10:00'";18;-;24;16;gut
DENW212;"'14.01.2024 11:00'";18;-;26;15;gut
DENW212;"'14.01.2024 12:00'";17;-;24;15;gut
DENW212;"'14.01.2024 13:00'";17;-;31;15;gut
DENW212;"'14.01.2024 14:00'";17;-;29;15;gut
DENW212;"'14.01.2024 15:00'";17;-;26;15;gut
DENW212;"'14.01.2024 16:00'";17;-;27;14;gut
DENW212;"'14.01.2024 17:00'";16;-;31;14;gut
DENW212;"'14.01.2024 18:00'";15;-;29;13;gut
DENW212;"'14.01.2024 19:00'";15;-;27;13;gut
DENW212;"'14.01.2024 20:00'";14;-;28;12;gut
DENW212;"'14.01.2024 21:00'";14;-;23;12;gut
DENW212;"'14.01.2024 22:00'";13;-;17;12;gut
DENW212;"'14.01.2024 23:00'";13;-;-;11;gut
DENW212;"'14.01.2024 24:00'";13;-;17;11;gut
DENW212;"'15.01.2024 01:00'";13;-;16;11;gut
DENW212;"'15.01.2024 02:00'";13;-;16;11;gut
DENW212;"'15.01.2024 03:00'";13;-;13;11;gut
DENW212;"'15.01.2024 04:00'";13;-;13;11;gut
DENW212;"'15.01.2024 05:00'";13;-;14;11;gut
DENW212;"'15.01.2024 06:00'";14;-;19;12;gut
DENW212;"'15.01.2024 07:00'";14;-;25;12;gut
DENW212;"'15.01.2024 08:00'";14;-;32;12;gut
DENW212;"'15.01.2024 09:00'";15;-;38;12;gut
DENW212;"'15.01.2024 10:00'";15;-;34;12;gut
DENW212;"'15.01.2024 11:00'";16;-;32;12;gut
DENW212;"'15.01.2024 12:00'";16;-;31;12;gut
DENW212;"'15.01.2024 13:00'";16;-;32;12;gut
DENW212;"'15.01.2024 14:00'";16;-;32;12;gut
DENW212;"'15.01.2024 15:00'";16;-;28;12;gut
DENW212;"'15.01.2024 16:00'";16;-;27;12;gut
DENW212;"'15.01.2024 17:00'";16;-;30;12;gut
DENW212;"'15.01.2024 18:00'";16;-;32;12;gut
DENW212;"'15.01.2024 19:00'";16;-;36;12;gut
DENW212;"'15.01.2024 20:00'";16;-;24;11;gut
DENW212;"'15.01.2024 21:00'";16;-;21;11;gut
DENW212;"'15.01.2024 22:00'";16;-;20;11;gut
DENW212;"'15.01.2024 23:00'";15;-;18;11;gut
DENW212;"'15.01.2024 24:00'";15;-;-;11;gut
DENW212;"'16.01.2024 01:00'";15;-;13;10;"sehr gut"
DENW212;"'16.01.2024 02:00'";14;-;14;10;"sehr gut"
DENW212;"'16.01.2024 03:00'";14;-;12;10;"sehr gut"
DENW212;"'16.01.2024 04:00'";14;-;13;9;"sehr gut"
DENW212;"'16.01.2024 05:00'";14;-;15;9;"sehr gut"
DENW212;"'16.01.2024 06:00'";13;-;19;9;"sehr gut"
DENW212;"'16.01.2024 07:00'";13;-;33;9;gut
DENW212;"'16.01.2024 08:00'";13;-;42;8;mäßig
DENW212;"'16.01.2024 09:00'";13;-;45;8;mäßig
DENW212;"'16.01.2024 10:00'";12;-;44;8;mäßig
DENW212;"'16.01.2024 11:00'";12;-;42;8;mäßig
DENW212;"'16.01.2024 12:00'";14;-;41;8;mäßig
DENW212;"'16.01.2024 13:00'";17;-;29;8;gut
DENW212;"'16.01.2024 14:00'";19;-;31;9;gut
DENW212;"'16.01.2024 15:00'";20;-;31;9;gut
DENW212;"'16.01.2024 16:00'";21;-;33;9;gut
DENW212;"'16.01.2024 17:00'";22;-;37;9;gut
DENW212;"'16.01.2024 18:00'";23;-;51;9;mäßig
DENW212;"'16.01.2024 19:00'";24;-;50;10;mäßig
DENW212;"'16.01.2024 20:00'";25;-;52;10;mäßig
DENW212;"'16.01.2024 21:00'";25;-;52;10;mäßig
DENW212;"'16.01.2024 22:00'";25;-;41;10;mäßig
DENW212;"'16.01.2024 23:00'";26;-;38;10;gut
DENW212;"'16.01.2024 24:00'";26;-;55;11;mäßig
DENW212;"'17.01.2024 01:00'";26;-;-;11;gut
DENW212;"'17.01.2024 02:00'";26;-;40;11;gut
DENW212;"'17.01.2024 03:00'";27;-;43;11;mäßig
DENW212;"'17.01.2024 04:00'";27;-;37;11;gut
DENW212;"'17.01.2024 05:00'";27;-;35;11;gut
DENW212;"'17.01.2024 06:00'";27;-;29;12;gut
DENW212;"'17.01.2024 07:00'";27;-;40;12;gut
DENW212;"'17.01.2024 08:00'";27;-;43;12;mäßig
DENW212;"'17.01.2024 09:00'";27;-;42;12;mäßig
DENW212;"'17.01.2024 10:00'";28;-;36;12;gut
DENW212;"'17.01.2024 11:00'";29;-;37;13;gut
DENW212;"'17.01.2024 12:00'";27;-;37;13;gut
DENW212;"'17.01.2024 13:00'";26;-;38;13;gut
DENW212;"'17.01.2024 14:00'";24;-;40;13;gut
DENW212;"'17.01.2024 15:00'";24;-;50;13;mäßig
DENW212;"'17.01.2024 16:00'";23;-;59;13;mäßig
DENW212;"'17.01.2024 17:00'";22;-;59;14;mäßig
DENW212;"'17.01.2024 18:00'";22;-;64;14;mäßig
DENW212;"'17.01.2024 19:00'";21;-;48;14;mäßig
DENW212;"'17.01.2024 20:00'";21;-;47;14;mäßig
DENW212;"'17.01.2024 21:00'";20;-;44;14;mäßig
DENW212;"'17.01.2024 22:00'";20;-;39;14;gut
DENW212;"'17.01.2024 23:00'";20;-;38;14;gut
DENW212;"'17.01.2024 24:00'";20;-;52;14;mäßig
DENW212;"'18.01.2024 01:00'";21;-;62;15;mäßig
DENW212;"'18.01.2024 02:00'";21;-;-;15;gut
DENW212;"'18.01.2024 03:00'";22;-;55;15;mäßig
DENW212;"'18.01.2024 04:00'";22;-;53;16;mäßig
DENW212;"'18.01.2024 05:00'";23;-;53;16;mäßig
DENW212;"'18.01.2024 06:00'";23;-;52;16;mäßig
DENW212;"'18.01.2024 07:00'";24;-;51;17;mäßig
DENW212;"'18.01.2024 08:00'";24;-;51;17;mäßig
DENW212;"'18.01.2024 09:00'";25;-;52;18;mäßig
DENW212;"'18.01.2024 10:00'";25;-;50;18;mäßig
DENW212;"'18.01.2024 11:00'";26;-;47;19;mäßig
DENW212;"'18.01.2024 12:00'";26;-;49;20;mäßig
DENW212;"'18.01.2024 13:00'";27;-;54;20;mäßig
DENW212;"'18.01.2024 14:00'";28;-;54;21;mäßig
DENW212;"'18.01.2024 15:00'";28;-;51;21;mäßig
DENW212;"'18.01.2024 16:00'";29;-;54;22;mäßig
DENW212;"'18.01.2024 17:00'";29;-;62;22;mäßig
DENW212;"'18.01.2024 18:00'";30;-;74;22;mäßig
DENW212;"'18.01.2024 19:00'";30;-;72;22;mäßig
DENW212;"'18.01.2024 20:00'";31;-;70;23;mäßig
DENW212;"'18.01.2024 21:00'";32;-;72;23;mäßig
DENW212;"'18.01.2024 22:00'";32;-;70;24;mäßig
DENW212;"'18.01.2024 23:00'";33;-;69;24;mäßig
DENW212;"'18.01.2024 24:00'";33;-;65;24;mäßig
DENW212;"'19.01.2024 01:00'";33;-;49;24;mäßig
DENW212;"'19.01.2024 02:00'";33;-;39;24;mäßig
DENW212;"'19.01.2024 03:00'";33;-;-;24;mäßig
DENW212;"'19.01.2024 04:00'";33;-;26;24;mäßig
DENW212;"'19.01.2024 05:00'";33;-;30;24;mäßig
DENW212;"'19.01.2024 06:00'";33;-;36;24;mäßig
DENW212;"'19.01.2024 07:00'";33;-;45;24;mäßig
DENW212;"'19.01.2024 08:00'";32;-;52;24;mäßig
DENW212;"'19.01.2024 09:00'";32;-;66;24;mäßig
DENW212;"'19.01.2024 10:00'";31;-;66;23;mäßig
DENW212;"'19.01.2024 11:00'";31;-;63;23;mäßig
DENW212;"'19.01.2024 12:00'";30;-;54;22;mäßig
DENW212;"'19.01.2024 13:00'";29;-;56;22;mäßig
DENW212;"'19.01.2024 14:00'";29;-;48;21;mäßig
DENW212;"'19.01.2024 15:00'";28;-;50;21;mäßig
DENW212;"'19.01.2024 16:00'";28;-;56;21;mäßig
DENW212;"'19.01.2024 17:00'";28;-;61;21;mäßig
DENW212;"'19.01.2024 18:00'";28;-;65;21;mäßig
DENW212;"'19.01.2024 19:00'";28;-;58;21;mäßig
DENW212;"'19.01.2024 20:00'";27;-;64;20;mäßig
DENW212;"'19.01.2024 21:00'";27;-;61;20;mäßig
DENW212;"'19.01.2024 22:00'";26;-;54;20;mäßig
DENW212;"'19.01.2024 23:00'";26;-;56;19;mäßig
DENW212;"'19.01.2024 24:00'";25;-;56;19;mäßig
DENW212;"'20.01.2024 01:00'";25;-;57;19;mäßig
DENW212;"'20.01.2024 02:00'";25;-;48;18;mäßig
DENW212;"'20.01.2024 03:00'";24;-;47;18;mäßig
DENW212;"'20.01.2024 04:00'";24;-;-;18;gut
DENW212;"'20.01.2024 05:00'";24;-;47;18;mäßig
DENW212;"'20.01.2024 06:00'";23;-;43;18;mäßig
DENW212;"'20.01.2024 07:00'";23;-;36;18;gut
DENW212;"'20.01.2024 08:00'";23;-;45;18;mäßig
DENW212;"'20.01.2024 09:00'";23;-;44;17;mäßig
DENW212;"'20.01.2024 10:00'";22;-;38;17;gut
DENW212;"'20.01.2024 11:00'";22;-;32;17;gut
DENW212;"'20.01.2024 12:00'";21;-;30;17;gut
DENW212;"'20.01.2024 13:00'";21;-;28;17;gut
DENW212;"'20.01.2024 14:00'";20;-;30;16;gut
DENW212;"'20.01.2024 15:00'";20;-;31;16;gut
DENW212;"'20.01.2024 16:00'";19;-;40;16;gut
DENW212;"'20.01.2024 17:00'";19;-;41;16;mäßig
DENW212;"'20.01.2024 18:00'";19;-;41;16;mäßig
DENW212;"'20.01.2024 19:00'";18;-;46;16;mäßig
DENW212;"'20.01.2024 20:00'";18;-;43;16;mäßig
DENW212;"'20.01.2024 21:00'";18;-;44;16;mäßig
DENW212;"'20.01.2024 22:00'";18;-;37;16;gut
DENW212;"'20.01.2024 23:00'";18;-;31;16;gut
DENW212;"'20.01.2024 24:00'";18;-;28;16;gut
DENW212;"'21.01.2024 01:00'";17;-;30;15;gut
DENW212;"'21.01.2024 02:00'";17;-;26;15;gut
DENW212;"'21.01.2024 03:00'";17;-;24;15;gut
DENW212;"'21.01.2024 04:00'";17;-;24;15;gut
DENW212;"'21.01.2024 05:00'";17;-;-;15;gut
DENW212;"'21.01.2024 06:00'";17;-;25;15;gut
DENW212;"'21.01.2024 07:00'";17;-;23;15;gut
DENW212;"'21.01.2024 08:00'";16;-;24;14;gut
DENW212;"'21.01.2024 09:00'";16;-;27;14;gut
DENW212;"'21.01.2024 10:00'";16;-;27;14;gut
DENW212;"'21.01.2024 11:00'";16;-;29;14;gut
DENW212;"'21.01.2024 12:00'";17;-;36;14;gut
DENW212;"'21.01.2024 13:00'";17;-;35;14;gut
DENW212;"'21.01.2024 14:00'";17;-;33;14;gut
DENW212;"'21.01.2024 15:00'";17;-;29;14;gut
DENW212;"'21.01.2024 16:00'";17;-;27;13;gut
DENW212;"'21.01.2024 17:00'";16;-;30;13;gut
DENW212;"'21.01.2024 18:00'";16;-;31;13;gut
DENW212;"'21.01.2024 19:00'";16;-;25;13;gut
DENW212;"'21.01.2024 20:00'";16;-;32;13;gut
DENW212;"'21.01.2024 21:00'";16;-;22;12;gut
DENW212;"'21.01.2024 22:00'";16;-;28;12;gut
DENW212;"'21.01.2024 23:00'";15;-;23;12;gut
DENW212;"'21.01.2024 24:00'";15;-;17;12;gut
DENW212;"'22.01.2024 01:00'";15;-;11;11;gut
DENW212;"'22.01.2024 02:00'";14;-;9;11;gut
DENW212;"'22.01.2024 03:00'";14;-;6;11;gut
DENW212;"'22.01.2024 04:00'";13;-;5;10;"sehr gut"
DENW212;"'22.01.2024 05:00'";13;-;6;10;"sehr gut"
DENW212;"'22.01.2024 06:00'";12;-;-;9;"sehr gut"
DENW212;"'22.01.2024 07:00'";12;-;37;9;gut
DENW212;"'22.01.2024 08:00'";11;-;22;8;gut
DENW212;"'22.01.2024 09:00'";11;-;18;8;"sehr gut"
DENW212;"'22.01.2024 10:00'";11;-;-;7;"sehr gut"
DENW212;"'22.01.2024 11:00'";10;-;-;7;"sehr gut"
DENW212;"'22.01.2024 12:00'";9;-;20;6;"sehr gut"
DENW212;"'22.01.2024 13:00'";8;-;18;6;"sehr gut"
DENW212;"'22.01.2024 14:00'";7;-;17;5;"sehr gut"
DENW212;"'22.01.2024 15:00'";7;-;14;5;"sehr gut"
DENW212;"'22.01.2024 16:00'";7;-;20;5;"sehr gut"
DENW212;"'22.01.2024 17:00'";7;-;21;4;gut
DENW212;"'22.01.2024 18:00'";7;-;34;4;gut
DENW212;"'22.01.2024 19:00'";7;-;20;4;"sehr gut"
DENW212;"'22.01.2024 20:00'";7;-;21;4;gut
DENW212;"'22.01.2024 21:00'";8;-;19;4;"sehr gut"
DENW212;"'22.01.2024 22:00'";8;-;11;4;"sehr gut"
DENW212;"'22.01.2024 23:00'";8;-;11;4;"sehr gut"
DENW212;"'22.01.2024 24:00'";9;-;7;4;"sehr gut"
DENW212;"'23.01.2024 01:00'";9;-;6;4;"sehr gut"
DENW212;"'23.01.2024 02:00'";9;-;3;5;"sehr gut"
DENW212;"'23.01.2024 03:00'";10;-;3;5;"sehr gut"
DENW212;"'23.01.2024 04:00'";10;-;5;5;"sehr gut"
DENW212;"'23.01.2024 05:00'";11;-;6;5;"sehr gut"
DENW212;"'23.01.2024 06:00'";11;-;9;6;"sehr gut"
DENW212;"'23.01.2024 07:00'";12;-;17;6;"sehr gut"
DENW212;"'23.01.2024 08:00'";12;-;23;6;gut
DENW212;"'23.01.2024 09:00'";13;-;29;6;gut
DENW212;"'23.01.2024 10:00'";14;-;35;7;gut
DENW212;"'23.01.2024 11:00'";14;-;35;7;gut
DENW212;"'23.01.2024 12:00'";15;-;-;7;"sehr gut"
DENW212;"'23.01.2024 13:00'";16;-;30;8;gut
DENW212;"'23.01.2024 14:00'";17;-;25;8;gut
DENW212;"'23.01.2024 15:00'";17;-;32;8;gut
DENW212;"'23.01.2024 16:00'";18;-;37;9;gut
DENW212;"'23.01.2024 17:00'";18;-;38;9;gut
DENW212;"'23.01.2024 18:00'";18;-;41;9;mäßig
DENW212;"'23.01.2024 19:00'";18;-;37;9;gut
DENW212;"'23.01.2024 20:00'";17;-;36;9;gut
DENW212;"'23.01.2024 21:00'";17;-;28;8;gut
DENW212;"'23.01.2024 22:00'";16;-;21;8;gut
DENW212;"'23.01.2024 23:00'";16;-;18;8;"sehr gut"
DENW212;"'23.01.2024 24:00'";15;-;16;8;"sehr gut"
DENW212;"'24.01.2024 01:00'";15;-;18;7;"sehr gut"
DENW212;"'24.01.2024 02:00'";14;-;6;7;"sehr gut"
DENW212;"'24.01.2024 03:00'";14;-;4;7;"sehr gut"
DENW212;"'24.01.2024 04:00'";13;-;4;6;"sehr gut"
DENW212;"'24.01.2024 05:00'";13;-;4;6;"sehr gut"
DENW212;"'24.01.2024 06:00'";12;-;6;6;"sehr gut"
DENW212;"'24.01.2024 07:00'";11;-;9;6;"sehr gut"
DENW212;"'24.01.2024 08:00'";11;-;12;5;"sehr gut"
DENW212;"'24.01.2024 09:00'";11;-;17;5;"sehr gut"
DENW212;"'24.01.2024 10:00'";11;-;16;5;"sehr gut"
DENW212;"'24.01.2024 11:00'";11;-;18;5;"sehr gut"
DENW212;"'24.01.2024 12:00'";12;-;20;6;"sehr gut"
DENW212;"'24.01.2024 13:00'";12;-;-;6;"sehr gut"
DENW212;"'24.01.2024 14:00'";12;-;18;6;"sehr gut"
DENW212;"'24.01.2024 15:00'";12;-;23;6;gut
DENW212;"'24.01.2024 16:00'";12;-;26;6;gut
DENW212;"'24.01.2024 17:00'";12;-;32;6;gut
DENW212;"'24.01.2024 18:00'";13;-;33;7;gut
DENW212;"'24.01.2024 19:00'";13;-;41;7;mäßig
DENW212;"'24.01.2024 20:00'";14;-;31;7;gut
DENW212;"'24.01.2024 21:00'";15;-;28;8;gut
DENW212;"'24.01.2024 22:00'";16;-;21;8;gut
DENW212;"'24.01.2024 23:00'";18;-;19;9;"sehr gut"
DENW212;"'24.01.2024 24:00'";19;-;21;9;gut
DENW212;"'25.01.2024 01:00'";19;-;15;10;"sehr gut"
DENW212;"'25.01.2024 02:00'";20;-;12;11;gut
DENW212;"'25.01.2024 03:00'";21;-;11;11;gut
DENW212;"'25.01.2024 04:00'";22;-;12;12;gut
DENW212;"'25.01.2024 05:00'";23;-;17;12;gut
DENW212;"'25.01.2024 06:00'";24;-;24;13;gut
DENW212;"'25.01.2024 07:00'";25;-;35;14;gut
DENW212;"'25.01.2024 08:00'";26;-;53;14;mäßig
DENW212;"'25.01.2024 09:00'";27;-;58;15;mäßig
DENW212;"'25.01.2024 10:00'";27;-;57;15;mäßig
DENW212;"'25.01.2024 11:00'";28;-;53;15;mäßig
DENW212;"'25.01.2024 12:00'";28;-;45;16;mäßig
DENW212;"'25.01.2024 13:00'";28;-;37;16;gut
DENW212;"'25.01.2024 14:00'";29;-;-;16;gut
DENW212;"'25.01.2024 15:00'";29;-;45;16;mäßig
DENW212;"'25.01.2024 16:00'";29;-;53;16;mäßig
DENW212;"'25.01.2024 17:00'";29;-;56;16;mäßig
DENW212;"'25.01.2024 18:00'";29;-;56;16;mäßig
DENW212;"'25.01.2024 19:00'";29;-;68;16;mäßig
DENW212;"'25.01.2024 20:00'";28;-;50;16;mäßig
DENW212;"'25.01.2024 21:00'";27;-;58;16;mäßig
DENW212;"'25.01.2024 22:00'";27;-;47;15;mäßig
DENW212;"'25.01.2024 23:00'";26;-;47;15;mäßig
DENW212;"'25.01.2024 24:00'";25;-;42;15;mäßig
DENW212;"'26.01.2024 01:00'";25;-;33;15;gut
DENW212;"'26.01.2024 02:00'";24;-;36;14;gut
DENW212;"'26.01.2024 03:00'";23;-;41;14;mäßig
DENW212;"'26.01.2024 04:00'";22;-;39;13;gut
DENW212;"'26.01.2024 05:00'";22;-;41;13;mäßig
DENW212;"'26.01.2024 06:00'";21;-;40;12;gut
DENW212;"'26.01.2024 07:00'";20;-;37;12;gut
DENW212;"'26.01.2024 08:00'";20;-;42;11;mäßig
DENW212;"'26.01.2024 09:00'";19;-;45;11;mäßig
DENW212;"'26.01.2024 10:00'";19;-;34;10;gut
DENW212;"'26.01.2024 11:00'";17;-;33;9;gut
DENW212;"'26.01.2024 12:00'";15;-;21;9;gut
DENW212;"'26.01.2024 13:00'";14;-;21;8;gut
DENW212;"'26.01.2024 14:00'";13;-;17;7;"sehr gut"
DENW212;"'26.01.2024 15:00'";12;-;-;7;"sehr gut"
DENW212;"'26.01.2024 16:00'";12;-;16;7;"sehr gut"
DENW212;"'26.01.2024 17:00'";11;-;18;7;"sehr gut"
DENW212;"'26.01.2024 18:00'";11;-;25;7;gut
DENW212;"'26.01.2024 19:00'";11;-;28;7;gut
DENW212;"'26.01.2024 20:00'";12;-;28;7;gut
DENW212;"'26.01.2024 21:00'";13;-;33;8;gut
DENW212;"'26.01.2024 22:00'";13;-;36;8;gut
DENW212;"'26.01.2024 23:00'";14;-;33;8;gut
DENW212;"'26.01.2024 24:00'";14;-;37;8;gut
DENW212;"'27.01.2024 01:00'";14;-;30;8;gut
DENW212;"'27.01.2024 02:00'";15;-;26;8;gut
DENW212;"'27.01.2024 03:00'";15;-;29;8;gut
DENW212;"'27.01.2024 04:00'";16;-;30;9;gut
DENW212;"'27.01.2024 05:00'";16;-;30;9;gut
DENW212;"'27.01.2024 06:00'";16;-;47;9;mäßig
DENW212;"'27.01.2024 07:00'";16;-;54;9;mäßig
DENW212;"'27.01.2024 08:00'";16;-;52;9;mäßig
DENW212;"'27.01.2024 09:00'";17;-;48;9;mäßig
DENW212;"'27.01.2024 10:00'";19;-;43;10;mäßig
DENW212;"'27.01.2024 11:00'";21;-;39;10;gut
DENW212;"'27.01.2024 12:00'";22;-;40;10;gut
DENW212;"'27.01.2024 13:00'";23;-;38;11;gut
DENW212;"'27.01.2024 14:00'";23;-;37;11;gut
DENW212;"'27.01.2024 15:00'";23;-;33;11;gut
DENW212;"'27.01.2024 16:00'";23;-;-;11;gut
DENW212;"'27.01.2024 17:00'";23;-;42;11;mäßig
DENW212;"'27.01.2024 18:00'";23;-;57;10;mäßig
DENW212;"'27.01.2024 19:00'";22;-;57;10;mäßig
DENW212;"'27.01.2024 20:00'";22;-;64;9;mäßig
DENW212;"'27.01.2024 21:00'";21;-;54;9;mäßig
DENW212;"'27.01.2024 22:00'";21;-;51;9;mäßig
DENW212;"'27.01.2024 23:00'";20;-;47;9;mäßig
DENW212;"'27.01.2024 24:00'";20;-;37;9;gut
DENW212;"'28.01.2024 01:00'";20;-;36;9;gut
DENW212;"'28.01.2024 02:00'";20;-;36;9;gut
DENW212;"'28.01.2024 03:00'";20;-;31;9;gut
DENW212;"'28.01.2024 04:00'";19;-;27;9;gut
DENW212;"'28.01.2024 05:00'";19;-;25;9;gut
DENW212;"'28.01.2024 06:00'";19;-;22;9;gut
DENW212;"'28.01.2024 07:00'";19;-;24;9;gut
DENW212;"'28.01.2024 08:00'";18;-;30;9;gut
DENW212;"'28.01.2024 09:00'";17;-;29;9;gut
DENW212;"'28.01.2024 10:00'";15;-;22;9;gut
DENW212;"'28.01.2024 11:00'";13;-;16;8;"sehr gut"
DENW212;"'28.01.2024 12:00'";13;-;16;8;"sehr gut"
DENW212;"'28.01.2024 13:00'";12;-;15;8;"sehr gut"
DENW212;"'28.01.2024 14:00'";11;-;16;8;"sehr gut"
DENW212;"'28.01.2024 15:00'";11;-;18;7;"sehr gut"
DENW212;"'28.01.2024 16:00'";11;-;20;7;"sehr gut"
DENW212;"'28.01.2024 17:00'";10;-;-;7;"sehr gut"
DENW212;"'28.01.2024 18:00'";10;-;30;7;gut
DENW212;"'28.01.2024 19:00'";10;-;29;7;gut
DENW212;"'28.01.2024 20:00'";9;-;27;7;gut
DENW212;"'28.01.2024 21:00'";9;-;26;7;gut
DENW212;"'28.01.2024 22:00'";9;-;26;6;gut
DENW212;"'28.01.2024 23:00'";8;-;27;6;gut
DENW212;"'28.01.2024 24:00'";8;-;29;6;gut
DENW212;"'29.01.2024 01:00'";8;-;28;6;gut
DENW212;"'29.01.2024 02:00'";8;-;23;6;gut
DENW212;"'29.01.2024 03:00'";7;-;20;6;"sehr gut"
DENW212;"'29.01.2024 04:00'";7;-;22;6;gut
DENW212;"'29.01.2024 05:00'";7;-;24;6;gut
DENW212;"'29.01.2024 06:00'";7;-;30;5;gut
DENW212;"'29.01.2024 07:00'";7;-;35;6;gut
DENW212;"'29.01.2024 08:00'";7;-;43;6;mäßig
DENW212;"'29.01.2024 09:00'";8;-;40;6;gut
DENW212;"'29.01.2024 10:00'";8;-;36;6;gut
DENW212;"'29.01.2024 11:00'";9;-;31;6;gut
DENW212;"'29.01.2024 12:00'";10;-;31;6;gut
DENW212;"'29.01.2024 13:00'";11;-;31;7;gut
DENW212;"'29.01.2024 14:00'";12;-;30;7;gut
DENW212;"'29.01.2024 15:00'";13;-;32;7;gut
DENW212;"'29.01.2024 16:00'";14;-;41;8;mäßig
DENW212;"'29.01.2024 17:00'";15;-;44;8;mäßig
DENW212;"'29.01.2024 18:00'";16;-;-;8;"sehr gut"
DENW212;"'29.01.2024 19:00'";16;-;52;8;mäßig
DENW212;"'29.01.2024 20:00'";17;-;51;9;mäßig
DENW212;"'29.01.2024 21:00'";17;-;43;9;mäßig
DENW212;"'29.01.2024 22:00'";17;-;37;9;gut
DENW212;"'29.01.2024 23:00'";17;-;42;9;mäßig
DENW212;"'29.01.2024 24:00'";18;-;39;9;gut
DENW212;"'30.01.2024 01:00'";18;-;36;10;gut
DENW212;"'30.01.2024 02:00'";19;-;34;10;gut
DENW212;"'30.01.2024 03:00'";19;-;31;10;gut
DENW212;"'30.01.2024 04:00'";19;-;26;11;gut
DENW212;"'30.01.2024 05:00'";20;-;30;11;gut
DENW212;"'30.01.2024 06:00'";20;-;30;11;gut
DENW212;"'30.01.2024 07:00'";20;-;37;11;gut
DENW212;"'30.01.2024 08:00'";20;-;39;12;gut
DENW212;"'30.01.2024 09:00'";21;-;42;12;mäßig
DENW212;"'30.01.2024 10:00'";21;-;38;12;gut
DENW212;"'30.01.2024 11:00'";21;-;34;12;gut
DENW212;"'30.01.2024 12:00'";21;-;36;12;gut
DENW212;"'30.01.2024 13:00'";21;-;37;12;gut
DENW212;"'30.01.2024 14:00'";21;-;36;12;gut
DENW212;"'30.01.2024 15:00'";21;-;40;12;gut
DENW212;"'30.01.2024 16:00'";20;-;25;12;gut
DENW212;"'30.01.2024 17:00'";19;-;27;12;gut
DENW212;"'30.01.2024 18:00'";19;-;27;12;gut
DENW212;"'30.01.2024 19:00'";19;-;-;12;gut
DENW212;"'30.01.2024 20:00'";19;-;27;12;gut
DENW212;"'30.01.2024 21:00'";19;-;28;12;gut
DENW212;"'30.01.2024 22:00'";19;-;24;12;gut
DENW212;"'30.01.2024 23:00'";19;-;24;11;gut
DENW212;"'30.01.2024 24:00'";19;-;19;11;gut
DENW212;"'31.01.2024 01:00'";19;-;17;11;gut
DENW212;"'31.01.2024 02:00'";19;-;15;11;gut
DENW212;"'31.01.2024 03:00'";18;-;14;11;gut
DENW212;"'31.01.2024 04:00'";18;-;13;11;gut
DENW212;"'31.01.2024 05:00'";18;-;13;11;gut
DENW212;"'31.01.2024 06:00'";18;-;15;11;gut
DENW212;"'31.01.2024 07:00'";18;-;27;11;gut
DENW212;"'31.01.2024 08:00'";18;-;47;10;mäßig
DENW212;"'31.01.2024 09:00'";17;-;60;10;mäßig
DENW212;"'31.01.2024 10:00'";17;-;55;10;mäßig
DENW212;"'31.01.2024 11:00'";17;-;51;10;mäßig
DENW212;"'31.01.2024 12:00'";17;-;46;10;mäßig
DENW212;"'31.01.2024 13:00'";16;-;33;10;gut
DENW212;"'31.01.2024 14:00'";16;-;38;10;gut
DENW212;"'31.01.2024 15:00'";16;-;34;10;gut
DENW212;"'31.01.2024 16:00'";15;-;30;9;gut
DENW212;"'31.01.2024 17:00'";15;-;26;9;gut
DENW212;"'31.01.2024 18:00'";15;-;38;9;gut
DENW212;"'31.01.2024 19:00'";15;-;58;9;mäßig
DENW212;"'31.01.2024 20:00'";15;-;-;9;"sehr gut"
DENW212;"'31.01.2024 21:00'";15;-;44;9;mäßig
DENW212;"'31.01.2024 22:00'";15;-;36;9;gut
DENW212;"'31.01.2024 23:00'";15;-;36;9;gut
DENW212;"'31.01.2024 24:00'";15;-;51;9;mäßig
DENW212;"'01.02.2024 01:00'";15;-;44;10;mäßig
DENW212;"'01.02.2024 02:00'";15;-;18;9;"sehr gut"
DENW212;"'01.02.2024 03:00'";15;-;7;9;"sehr gut"
DENW212;"'01.02.2024 04:00'";15;-;7;9;"sehr gut"
DENW212;"'01.02.2024 05:00'";15;-;10;9;"sehr gut"
DENW212;"'01.02.2024 06:00'";14;-;17;9;"sehr gut"
DENW212;"'01.02.2024 07:00'";14;-;23;8;gut
DENW212;"'01.02.2024 08:00'";14;-;29;8;gut
DENW212;"'01.02.2024 09:00'";14;-;34;8;gut
DENW212;"'01.02.2024 10:00'";14;-;26;8;gut
DENW212;"'01.02.2024 11:00'";13;-;24;8;gut
DENW212;"'01.02.2024 12:00'";14;-;21;8;gut
DENW212;"'01.02.2024 13:00'";14;-;24;8;gut
DENW212;"'01.02.2024 14:00'";14;-;21;8;gut
DENW212;"'01.02.2024 15:00'";14;-;31;8;gut
DENW212;"'01.02.2024 16:00'";15;-;31;9;gut
DENW212;"'01.02.2024 17:00'";15;-;43;9;mäßig
DENW212;"'01.02.2024 18:00'";16;-;60;9;mäßig
DENW212;"'01.02.2024 19:00'";16;-;70;9;mäßig
DENW212;"'01.02.2024 20:00'";17;-;68;10;mäßig
DENW212;"'01.02.2024 21:00'";17;-;-;10;"sehr gut"
DENW212;"'01.02.2024 22:00'";18;-;63;10;mäßig
DENW212;"'01.02.2024 23:00'";18;-;53;10;mäßig
DENW212;"'01.02.2024 24:00'";19;-;46;10;mäßig
DENW212;"'02.02.2024 01:00'";19;-;39;10;gut
DENW212;"'02.02.2024 02:00'";20;-;30;11;gut
DENW212;"'02.02.2024 03:00'";20;-;25;11;gut
DENW212;"'02.02.2024 04:00'";20;-;26;11;gut
DENW212;"'02.02.2024 05:00'";21;-;29;11;gut
DENW212;"'02.02.2024 06:00'";21;-;26;11;gut
DENW212;"'02.02.2024 07:00'";22;-;32;12;gut
DENW212;"'02.02.2024 08:00'";22;-;49;12;mäßig
DENW212;"'02.02.2024 09:00'";23;-;52;12;mäßig
DENW212;"'02.02.2024 10:00'";23;-;48;12;mäßig
DENW212;"'02.02.2024 11:00'";23;-;40;12;gut
DENW212;"'02.02.2024 12:00'";23;-;31;12;gut
DENW212;"'02.02.2024 13:00'";23;-;28;12;gut
DENW212;"'02.02.2024 14:00'";23;-;35;12;gut
DENW212;"'02.02.2024 15:00'";22;-;33;12;gut
DENW212;"'02.02.2024 16:00'";22;-;36;11;gut
DENW212;"'02.02.2024 17:00'";21;-;30;11;gut
DENW212;"'02.02.2024 18:00'";21;-;38;11;gut
DENW212;"'02.02.2024 19:00'";21;-;30;11;gut
DENW212;"'02.02.2024 20:00'";21;-;24;11;gut
DENW212;"'02.02.2024 21:00'";20;-;22;11;gut
DENW212;"'02.02.2024 22:00'";19;-;-;11;gut
DENW212;"'02.02.2024 23:00'";19;-;18;10;"sehr gut"
DENW212;"'02.02.2024 24:00'";18;-;19;10;"sehr gut"
DENW212;"'03.02.2024 01:00'";18;-;19;10;"sehr gut"
DENW212;"'03.02.2024 02:00'";17;-;18;10;"sehr gut"
DENW212;"'03.02.2024 03:00'";17;-;16;10;"sehr gut"
DENW212;"'03.02.2024 04:00'";16;-;13;10;"sehr gut"
DENW212;"'03.02.2024 05:00'";16;-;12;9;"sehr gut"
DENW212;"'03.02.2024 06:00'";15;-;13;9;"sehr gut"
DENW212;"'03.02.2024 07:00'";15;-;17;9;"sehr gut"
DENW212;"'03.02.2024 08:00'";14;-;17;8;"sehr gut"
DENW212;"'03.02.2024 09:00'";13;-;18;8;"sehr gut"
DENW212;"'03.02.2024 10:00'";12;-;19;8;"sehr gut"
DENW212;"'03.02.2024 11:00'";12;-;17;7;"sehr gut"
DENW212;"'03.02.2024 12:00'";11;-;18;7;"sehr gut"
DENW212;"'03.02.2024 13:00'";11;-;17;7;"sehr gut"
DENW212;"'03.02.2024 14:00'";10;-;22;7;gut
DENW212;"'03.02.2024 15:00'";10;-;26;7;gut
DENW212;"'03.02.2024 16:00'";9;-;27;7;gut
DENW212;"'03.02.2024 17:00'";9;-;30;6;gut
DENW212;"'03.02.2024 18:00'";8;-;31;6;gut
DENW212;"'03.02.2024 19:00'";7;-;31;6;gut
DENW212;"'03.02.2024 20:00'";7;-;29;5;gut
DENW212;"'03.02.2024 21:00'";7;-;26;5;gut
DENW212;"'03.02.2024 22:00'";7;-;23;5;gut
DENW212;"'03.02.2024 23:00'";7;-;-;5;"sehr gut"
DENW212;"'03.02.2024 24:00'";7;-;18;5;"sehr gut"
DENW212;"'04.02.2024 01:00'";7;-;15;5;"sehr gut"
DENW212;"'04.02.2024 02:00'";7;-;18;5;"sehr gut"
DENW212;"'04.02.2024 03:00'";6;-;11;5;"sehr gut"
DENW212;"'04.02.2024 04:00'";6;-;7;5;"sehr gut"
DENW212;"'04.02.2024 05:00'";6;-;7;4;"sehr gut"
DENW212;"'04.02.2024 06:00'";6;-;7;4;"sehr gut"
DENW212;"'04.02.2024 07:00'";6;-;9;4;"sehr gut"
DENW212;"'04.02.2024 08:00'";6;-;8;4;"sehr gut"
DENW212;"'04.02.2024 09:00'";6;-;11;4;"sehr gut"
DENW212;"'04.02.2024 10:00'";6;-;11;4;"sehr gut"
DENW212;"'04.02.2024 11:00'";6;-;11;4;"sehr gut"
DENW212;"'04.02.2024 12:00'";5;-;14;4;"sehr gut"
DENW212;"'04.02.2024 13:00'";5;-;12;4;"sehr gut"
DENW212;"'04.02.2024 14:00'";5;-;15;4;"sehr gut"
DENW212;"'04.02.2024 15:00'";5;-;17;4;"sehr gut"
DENW212;"'04.02.2024 16:00'";5;-;16;3;"sehr gut"
DENW212;"'04.02.2024 17:00'";5;-;15;3;"sehr gut"
DENW212;"'04.02.2024 18:00'";5;-;15;3;"sehr gut"
DENW212;"'04.02.2024 19:00'";4;-;16;3;"sehr gut"
DENW212;"'04.02.2024 20:00'";4;-;16;3;"sehr gut"
DENW212;"'04.02.2024 21:00'";4;-;11;3;"sehr gut"
DENW212;"'04.02.2024 22:00'";4;-;10;3;"sehr gut"
DENW212;"'04.02.2024 23:00'";3;-;10;2;"sehr gut"
DENW212;"'04.02.2024 24:00'";3;-;-;2;"sehr gut"
DENW212;"'05.02.2024 01:00'";3;-;6;2;"sehr gut"
DENW212;"'05.02.2024 02:00'";3;-;5;2;"sehr gut"
DENW212;"'05.02.2024 03:00'";4;-;5;2;"sehr gut"
DENW212;"'05.02.2024 04:00'";5;-;5;3;"sehr gut"
DENW212;"'05.02.2024 05:00'";6;-;5;3;"sehr gut"
DENW212;"'05.02.2024 06:00'";7;-;8;3;"sehr gut"
DENW212;"'05.02.2024 07:00'";8;-;15;4;"sehr gut"
DENW212;"'05.02.2024 08:00'";9;-;19;4;"sehr gut"
DENW212;"'05.02.2024 09:00'";10;-;30;5;gut
DENW212;"'05.02.2024 10:00'";12;-;24;5;gut
DENW212;"'05.02.2024 11:00'";13;-;23;6;gut
DENW212;"'05.02.2024 12:00'";14;-;23;6;gut
DENW212;"'05.02.2024 13:00'";15;-;18;7;"sehr gut"
DENW212;"'05.02.2024 14:00'";16;-;15;7;"sehr gut"
DENW212;"'05.02.2024 15:00'";17;-;18;7;"sehr gut"
DENW212;"'05.02.2024 16:00'";19;-;19;8;"sehr gut"
DENW212;"'05.02.2024 17:00'";20;-;19;8;"sehr gut"
DENW212;"'05.02.2024 18:00'";21;-;36;9;gut
DENW212;"'05.02.2024 19:00'";22;-;26;9;gut
DENW212;"'05.02.2024 20:00'";23;-;18;9;gut
DENW212;"'05.02.2024 21:00'";24;-;15;10;gut
DENW212;"'05.02.2024 22:00'";25;-;15;11;gut
DENW212;"'05.02.2024 23:00'";26;-;12;11;gut
DENW212;"'05.02.2024 24:00'";27;-;8;11;gut
DENW212;"'06.02.2024 01:00'";27;-;-;11;gut
DENW212;"'06.02.2024 02:00'";27;-;6;11;gut
DENW212;"'06.02.2024 03:00'";27;-;6;11;gut
DENW212;"'06.02.2024 04:00'";27;-;6;11;gut
DENW212;"'06.02.2024 05:00'";26;-;6;11;gut
DENW212;"'06.02.2024 06:00'";25;-;8;11;gut
DENW212;"'06.02.2024 07:00'";25;-;15;10;gut
DENW212;"'06.02.2024 08:00'";24;-;17;10;gut
DENW212;"'06.02.2024 09:00'";23;-;22;10;gut
DENW212;"'06.02.2024 10:00'";23;-;18;10;gut
DENW212;"'06.02.2024 11:00'";22;-;15;9;gut
DENW212;"'06.02.2024 12:00'";21;-;17;9;gut
DENW212;"'06.02.2024 13:00'";21;-;18;9;gut
DENW212;"'06.02.2024 14:00'";21;-;14;9;gut
DENW212;"'06.02.2024 15:00'";20;-;15;9;"sehr gut"
DENW212;"'06.02.2024 16:00'";19;-;16;9;"sehr gut"
DENW212;"'06.02.2024 17:00'";18;-;16;8;"sehr gut"
DENW212;"'06.02.2024 18:00'";18;-;16;8;"sehr gut"
DENW212;"'06.02.2024 19:00'";17;-;17;8;"sehr gut"
DENW212;"'06.02.2024 20:00'";17;-;12;8;"sehr gut"
DENW212;"'06.02.2024 21:00'";16;-;11;8;"sehr gut"
DENW212;"'06.02.2024 22:00'";15;-;8;7;"sehr gut"
DENW212;"'06.02.2024 23:00'";15;-;7;7;"sehr gut"
DENW212;"'06.02.2024 24:00'";15;-;8;7;"sehr gut"
DENW212;"'07.02.2024 01:00'";15;-;5;7;"sehr gut"
DENW212;"'07.02.2024 02:00'";15;-;-;7;"sehr gut"
DENW212;"'07.02.2024 03:00'";15;-;5;7;"sehr gut"
DENW212;"'07.02.2024 04:00'";15;-;4;7;"sehr gut"
DENW212;"'07.02.2024 05:00'";15;-;4;7;"sehr gut"
DENW212;"'07.02.2024 06:00'";14;-;8;7;"sehr gut"
DENW212;"'07.02.2024 07:00'";14;-;14;7;"sehr gut"
DENW212;"'07.02.2024 08:00'";14;-;33;7;gut
DENW212;"'07.02.2024 09:00'";13;-;44;6;mäßig
DENW212;"'07.02.2024 10:00'";13;-;39;6;gut
DENW212;"'07.02.2024 11:00'";12;-;35;6;gut
DENW212;"'07.02.2024 12:00'";12;-;34;6;gut
DENW212;"'07.02.2024 13:00'";11;-;34;6;gut
DENW212;"'07.02.2024 14:00'";11;-;22;5;gut
DENW212;"'07.02.2024 15:00'";10;-;27;5;gut
DENW212;"'07.02.2024 16:00'";10;-;25;5;gut
DENW212;"'07.02.2024 17:00'";10;-;33;5;gut
DENW212;"'07.02.2024 18:00'";9;-;31;5;gut
DENW212;"'07.02.2024 19:00'";9;-;25;5;gut
DENW212;"'07.02.2024 20:00'";8;-;26;5;gut
DENW212;"'07.02.2024 21:00'";8;-;18;4;"sehr gut"
DENW212;"'07.02.2024 22:00'";8;-;19;4;"sehr gut"
DENW212;"'07.02.2024 23:00'";7;-;17;4;"sehr gut"
DENW212;"'07.02.2024 24:00'";7;-;17;4;"sehr gut"
DENW212;"'08.02.2024 01:00'";6;-;19;4;"sehr gut"
DENW212;"'08.02.2024 02:00'";6;-;13;4;"sehr gut"
DENW212;"'08.02.2024 03:00'";6;-;-;4;"sehr gut"
DENW212;"'08.02.2024 04:00'";5;-;11;3;"sehr gut"
DENW212;"'08.02.2024 05:00'";5;-;8;3;"sehr gut"
DENW212;"'08.02.2024 06:00'";5;-;11;4;"sehr gut"
DENW212;"'08.02.2024 07:00'";5;-;17;4;"sehr gut"
DENW212;"'08.02.2024 08:00'";6;-;26;4;gut
DENW212;"'08.02.2024 09:00'";6;-;30;4;gut
DENW212;"'08.02.2024 10:00'";6;-;30;4;gut
DENW212;"'08.02.2024 11:00'";7;-;24;4;gut
DENW212;"'08.02.2024 12:00'";7;-;27;4;gut
DENW212;"'08.02.2024 13:00'";7;-;30;4;gut
DENW212;"'08.02.2024 14:00'";7;-;29;4;gut
DENW212;"'08.02.2024 15:00'";7;-;36;4;gut
DENW212;"'08.02.2024 16:00'";7;-;42;4;mäßig
DENW212;"'08.02.2024 17:00'";7;-;44;4;mäßig
DENW212;"'08.02.2024 18:00'";7;-;51;5;mäßig
DENW212;"'08.02.2024 19:00'";8;-;47;5;mäßig
DENW212;"'08.02.2024 20:00'";8;-;39;5;gut
DENW212;"'08.02.2024 21:00'";8;-;36;5;gut
DENW212;"'08.02.2024 22:00'";8;-;31;5;gut
DENW212;"'08.02.2024 23:00'";8;-;31;5;gut
DENW212;"'08.02.2024 24:00'";9;-;32;5;gut
DENW212;"'09.02.2024 01:00'";9;-;28;6;gut
DENW212;"'09.02.2024 02:00'";10;-;32;6;gut
DENW212;"'09.02.2024 03:00'";11;-;29;6;gut
DENW212;"'09.02.2024 04:00'";11;-;-;6;"sehr gut"
DENW212;"'09.02.2024 05:00'";12;-;28;6;gut
DENW212;"'09.02.2024 06:00'";12;-;26;6;gut
DENW212;"'09.02.2024 07:00'";12;-;31;6;gut
DENW212;"'09.02.2024 08:00'";12;-;29;6;gut
DENW212;"'09.02.2024 09:00'";11;-;43;6;mäßig
DENW212;"'09.02.2024 10:00'";11;-;35;6;gut
DENW212;"'09.02.2024 11:00'";11;-;33;6;gut
DENW212;"'09.02.2024 12:00'";11;-;31;6;gut
DENW212;"'09.02.2024 13:00'";11;-;36;6;gut
DENW212;"'09.02.2024 14:00'";11;-;39;6;gut
DENW212;"'09.02.2024 15:00'";11;-;29;6;gut
DENW212;"'09.02.2024 16:00'";11;-;25;6;gut
DENW212;"'09.02.2024 17:00'";11;-;34;6;gut
DENW212;"'09.02.2024 18:00'";11;-;34;6;gut
DENW212;"'09.02.2024 19:00'";11;-;55;6;mäßig
DENW212;"'09.02.2024 20:00'";11;-;49;6;mäßig
DENW212;"'09.02.2024 21:00'";11;-;57;6;mäßig
DENW212;"'09.02.2024 22:00'";12;-;40;6;gut
DENW212;"'09.02.2024 23:00'";12;-;30;6;gut
DENW212;"'09.02.2024 24:00'";12;-;29;6;gut
DENW212;"'10.02.2024 01:00'";12;-;33;6;gut
DENW212;"'10.02.2024 02:00'";11;-;29;6;gut
DENW212;"'10.02.2024 03:00'";11;-;22;6;gut
DENW212;"'10.02.2024 04:00'";10;-;25;6;gut
DENW212;"'10.02.2024 05:00'";10;-;-;6;"sehr gut"
DENW212;"'10.02.2024 06:00'";10;-;21;5;gut
DENW212;"'10.02.2024 07:00'";10;-;31;5;gut
DENW212;"'10.02.2024 08:00'";10;-;30;6;gut
DENW212;"'10.02.2024 09:00'";14;-;35;6;gut
DENW212;"'10.02.2024 10:00'";17;-;27;6;gut
DENW212;"'10.02.2024 11:00'";18;-;19;7;"sehr gut"
DENW212;"'10.02.2024 12:00'";19;-;13;7;"sehr gut"
DENW212;"'10.02.2024 13:00'";20;-;13;7;"sehr gut"
DENW212;"'10.02.2024 14:00'";20;-;12;7;"sehr gut"
DENW212;"'10.02.2024 15:00'";20;-;15;6;"sehr gut"
DENW212;"'10.02.2024 16:00'";20;-;18;6;"sehr gut"
DENW212;"'10.02.2024 17:00'";20;-;21;6;gut
DENW212;"'10.02.2024 18:00'";19;-;33;6;gut
DENW212;"'10.02.2024 19:00'";19;-;48;6;mäßig
DENW212;"'10.02.2024 20:00'";19;-;54;6;mäßig
DENW212;"'10.02.2024 21:00'";19;-;58;6;mäßig
DENW212;"'10.02.2024 22:00'";19;-;57;7;mäßig
DENW212;"'10.02.2024 23:00'";19;-;54;7;mäßig
DENW212;"'10.02.2024 24:00'";19;-;52;7;mäßig
DENW212;"'11.02.2024 01:00'";20;-;48;7;mäßig
DENW212;"'11.02.2024 02:00'";20;-;39;7;gut
DENW212;"'11.02.2024 03:00'";20;-;32;8;gut
DENW212;"'11.02.2024 04:00'";20;-;29;8;gut
DENW212;"'11.02.2024 05:00'";20;-;23;8;gut
DENW212;"'11.02.2024 06:00'";21;-;-;8;gut
DENW212;"'11.02.2024 07:00'";21;-;14;8;gut
DENW212;"'11.02.2024 08:00'";20;-;12;8;"sehr gut"
DENW212;"'11.02.2024 09:00'";16;-;19;8;"sehr gut"
DENW212;"'11.02.2024 10:00'";14;-;36;7;gut
DENW212;"'11.02.2024 11:00'";12;-;32;7;gut
DENW212;"'11.02.2024 12:00'";11;-;40;7;gut
DENW212;"'11.02.2024 13:00'";10;-;33;7;gut
DENW212;"'11.02.2024 14:00'";10;-;19;7;"sehr gut"
DENW212;"'11.02.2024 15:00'";10;-;19;7;"sehr gut"
DENW212;"'11.02.2024 16:00'";10;-;26;7;gut
DENW212;"'11.02.2024 17:00'";10;-;33;7;gut
DENW212;"'11.02.2024 18:00'";9;-;43;7;mäßig
DENW212;"'11.02.2024 19:00'";9;-;55;7;mäßig
DENW212;"'11.02.2024 20:00'";9;-;35;7;gut
DENW212;"'11.02.2024 21:00'";9;-;21;6;gut
DENW212;"'11.02.2024 22:00'";8;-;21;6;gut
DENW212;"'11.02.2024 23:00'";8;-;23;5;gut
DENW212;"'11.02.2024 24:00'";7;-;22;5;gut
DENW212;"'12.02.2024 01:00'";7;-;21;4;gut
DENW212;"'12.02.2024 02:00'";6;-;18;4;"sehr gut"
DENW212;"'12.02.2024 03:00'";6;-;16;4;"sehr gut"
DENW212;"'12.02.2024 04:00'";6;-;13;4;"sehr gut"
DENW212;"'12.02.2024 05:00'";6;-;14;4;"sehr gut"
DENW212;"'12.02.2024 06:00'";6;-;16;4;"sehr gut"
DENW212;"'12.02.2024 07:00'";7;-;-;5;"sehr gut"
DENW212;"'12.02.2024 08:00'";7;-;27;5;gut
DENW212;"'12.02.2024 09:00'";8;-;28;6;gut
DENW212;"'12.02.2024 10:00'";8;-;28;6;gut
DENW212;"'12.02.2024 11:00'";8;-;25;6;gut
DENW212;"'12.02.2024 12:00'";9;-;17;6;"sehr gut"
DENW212;"'12.02.2024 13:00'";9;-;16;7;"sehr gut"
DENW212;"'12.02.2024 14:00'";9;-;14;7;"sehr gut"
DENW212;"'12.02.2024 15:00'";9;-;15;7;"sehr gut"
DENW212;"'12.02.2024 16:00'";9;-;21;7;gut
DENW212;"'12.02.2024 17:00'";10;-;23;7;gut
DENW212;"'12.02.2024 18:00'";10;-;33;7;gut
DENW212;"'12.02.2024 19:00'";10;-;53;7;mäßig
DENW212;"'12.02.2024 20:00'";11;-;54;7;mäßig
DENW212;"'12.02.2024 21:00'";11;-;50;8;mäßig
DENW212;"'12.02.2024 22:00'";12;-;46;8;mäßig
DENW212;"'12.02.2024 23:00'";12;-;39;8;gut
DENW212;"'12.02.2024 24:00'";13;-;41;8;mäßig
DENW212;"'13.02.2024 01:00'";13;-;41;9;mäßig
DENW212;"'13.02.2024 02:00'";14;-;33;9;gut
DENW212;"'13.02.2024 03:00'";14;-;27;9;gut
DENW212;"'13.02.2024 04:00'";14;-;23;9;gut
DENW212;"'13.02.2024 05:00'";14;-;27;9;gut
DENW212;"'13.02.2024 06:00'";14;-;34;9;gut
DENW212;"'13.02.2024 07:00'";13;-;33;9;gut
DENW212;"'13.02.2024 08:00'";13;-;-;8;"sehr gut"
DENW212;"'13.02.2024 09:00'";13;-;43;8;mäßig
DENW212;"'13.02.2024 10:00'";12;-;36;7;gut
DENW212;"'13.02.2024 11:00'";12;-;27;7;gut
DENW212;"'13.02.2024 12:00'";12;-;21;7;gut
DENW212;"'13.02.2024 13:00'";12;-;22;7;gut
DENW212;"'13.02.2024 14:00'";12;-;24;7;gut
DENW212;"'13.02.2024 15:00'";12;-;22;7;gut
DENW212;"'13.02.2024 16:00'";12;-;27;6;gut
DENW212;"'13.02.2024 17:00'";12;-;26;6;gut
DENW212;"'13.02.2024 18:00'";12;-;31;6;gut
DENW212;"'13.02.2024 19:00'";11;-;31;6;gut
DENW212;"'13.02.2024 20:00'";11;-;31;6;gut
DENW212;"'13.02.2024 21:00'";11;-;25;6;gut
DENW212;"'13.02.2024 22:00'";11;-;26;6;gut
DENW212;"'13.02.2024 23:00'";10;-;26;6;gut
DENW212;"'13.02.2024 24:00'";10;-;19;6;"sehr gut"
DENW212;"'14.02.2024 01:00'";10;-;25;6;gut
DENW212;"'14.02.2024 02:00'";9;-;11;5;"sehr gut"
DENW212;"'14.02.2024 03:00'";9;-;10;5;"sehr gut"
DENW212;"'14.02.2024 04:00'";8;-;6;5;"sehr gut"
DENW212;"'14.02.2024 05:00'";8;-;10;4;"sehr gut"
DENW212;"'14.02.2024 06:00'";8;-;18;4;"sehr gut"
DENW212;"'14.02.2024 07:00'";7;-;28;4;gut
DENW212;"'14.02.2024 08:00'";7;-;36;4;gut
DENW212;"'14.02.2024 09:00'";7;-;-;4;"sehr gut"
DENW212;"'14.02.2024 10:00'";7;-;30;4;gut
DENW212;"'14.02.2024 11:00'";7;-;27;4;gut
DENW212;"'14.02.2024 12:00'";7;-;26;4;gut
DENW212;"'14.02.2024 13:00'";8;-;22;4;gut
DENW212;"'14.02.2024 14:00'";8;-;21;4;gut
DENW212;"'14.02.2024 15:00'";8;-;22;4;gut
DENW212;"'14.02.2024 16:00'";8;-;30;4;gut
DENW212;"'14.02.2024 17:00'";8;-;37;4;gut
DENW212;"'14.02.2024 18:00'";8;-;39;4;gut
DENW212;"'14.02.2024 19:00'";7;-;43;4;mäßig
DENW212;"'14.02.2024 20:00'";7;-;45;4;mäßig
DENW212;"'14.02.2024 21:00'";7;-;35;3;gut
DENW212;"'14.02.2024 22:00'";7;-;28;3;gut
DENW212;"'14.02.2024 23:00'";7;-;32;3;gut
DENW212;"'14.02.2024 24:00'";7;-;39;3;gut
DENW212;"'15.02.2024 01:00'";7;-;42;3;mäßig
DENW212;"'15.02.2024 02:00'";7;-;41;3;mäßig
DENW212;"'15.02.2024 03:00'";7;-;39;3;gut
DENW212;"'15.02.2024 04:00'";7;-;33;3;gut
DENW212;"'15.02.2024 05:00'";7;-;28;3;gut
DENW212;"'15.02.2024 06:00'";7;-;30;3;gut
DENW212;"'15.02.2024 07:00'";7;-;43;3;mäßig
DENW212;"'15.02.2024 08:00'";7;-;45;3;mäßig
DENW212;"'15.02.2024 09:00'";8;-;42;4;mäßig
DENW212;"'15.02.2024 10:00'";8;-;-;4;"sehr gut"
DENW212;"'15.02.2024 11:00'";8;-;30;4;gut
DENW212;"'15.02.2024 12:00'";8;-;27;4;gut
DENW212;"'15.02.2024 13:00'";8;-;23;4;gut
DENW212;"'15.02.2024 14:00'";8;-;21;4;gut
DENW212;"'15.02.2024 15:00'";8;-;27;4;gut
DENW212;"'15.02.2024 16:00'";9;-;24;4;gut
DENW212;"'15.02.2024 17:00'";9;-;19;4;"sehr gut"
DENW212;"'15.02.2024 18:00'";9;-;18;4;"sehr gut"
DENW212;"'15.02.2024 19:00'";9;-;26;4;gut
DENW212;"'15.02.2024 20:00'";9;-;19;4;"sehr gut"
DENW212;"'15.02.2024 21:00'";9;-;23;4;gut
DENW212;"'15.02.2024 22:00'";9;-;17;4;"sehr gut"
DENW212;"'15.02.2024 23:00'";9;-;18;4;"sehr gut"
DENW212;"'15.02.2024 24:00'";9;-;27;4;gut
DENW212;"'16.02.2024 01:00'";9;-;18;4;"sehr gut"
DENW212;"'16.02.2024 02:00'";9;-;17;4;"sehr gut"
DENW212;"'16.02.2024 03:00'";9;-;14;4;"sehr gut"
DENW212;"'16.02.2024 04:00'";9;-;15;4;"sehr gut"
DENW212;"'16.02.2024 05:00'";9;-;14;4;"sehr gut"
DENW212;"'16.02.2024 06:00'";9;-;20;4;"sehr gut"
DENW212;"'16.02.2024 07:00'";9;-;34;4;gut
DENW212;"'16.02.2024 08:00'";9;-;32;4;gut
DENW212;"'16.02.2024 09:00'";9;-;38;4;gut
DENW212;"'16.02.2024 10:00'";9;-;36;4;gut
DENW212;"'16.02.2024 11:00'";9;-;-;4;"sehr gut"
DENW212;"'16.02.2024 12:00'";9;-;38;4;gut
DENW212;"'16.02.2024 13:00'";10;-;35;4;gut
DENW212;"'16.02.2024 14:00'";10;-;44;5;mäßig
DENW212;"'16.02.2024 15:00'";10;-;46;5;mäßig
DENW212;"'16.02.2024 16:00'";10;-;40;5;gut
DENW212;"'16.02.2024 17:00'";10;-;38;5;gut
DENW212;"'16.02.2024 18:00'";10;-;29;5;gut
DENW212;"'16.02.2024 19:00'";11;-;34;6;gut
DENW212;"'16.02.2024 20:00'";12;-;30;7;gut
DENW212;"'16.02.2024 21:00'";12;-;28;7;gut
DENW212;"'16.02.2024 22:00'";13;-;28;8;gut
DENW212;"'16.02.2024 23:00'";13;-;34;8;gut
DENW212;"'16.02.2024 24:00'";14;-;31;9;gut
DENW212;"'17.02.2024 01:00'";14;-;26;10;gut
DENW212;"'17.02.2024 02:00'";15;-;23;10;gut
DENW212;"'17.02.2024 03:00'";15;-;17;10;"sehr gut"
DENW212;"'17.02.2024 04:00'";16;-;15;11;gut
DENW212;"'17.02.2024 05:00'";17;-;15;11;gut
DENW212;"'17.02.2024 06:00'";17;-;17;12;gut
DENW212;"'17.02.2024 07:00'";18;-;22;12;gut
DENW212;"'17.02.2024 08:00'";18;-;24;13;gut
DENW212;"'17.02.2024 09:00'";19;-;26;13;gut
DENW212;"'17.02.2024 10:00'";19;-;31;13;gut
DENW212;"'17.02.2024 11:00'";19;-;28;14;gut
DENW212;"'17.02.2024 12:00'";19;-;-;14;gut
DENW212;"'17.02.2024 13:00'";20;-;35;15;gut
DENW212;"'17.02.2024 14:00'";20;-;39;15;gut
DENW212;"'17.02.2024 15:00'";20;-;36;15;gut
DENW212;"'17.02.2024 16:00'";20;-;32;16;gut
DENW212;"'17.02.2024 17:00'";21;-;35;16;gut
DENW212;"'17.02.2024 18:00'";21;-;47;16;mäßig
DENW212;"'17.02.2024 19:00'";21;-;55;16;mäßig
DENW212;"'17.02.2024 20:00'";21;-;58;15;mäßig
DENW212;"'17.02.2024 21:00'";21;-;61;15;mäßig
DENW212;"'17.02.2024 22:00'";22;-;57;15;mäßig
DENW212;"'17.02.2024 23:00'";22;-;55;16;mäßig
DENW212;"'17.02.2024 24:00'";22;-;52;16;mäßig
DENW212;"'18.02.2024 01:00'";22;-;45;16;mäßig
DENW212;"'18.02.2024 02:00'";22;-;40;16;gut
DENW212;"'18.02.2024 03:00'";22;-;38;16;gut
DENW212;"'18.02.2024 04:00'";22;-;33;16;gut
DENW212;"'18.02.2024 05:00'";22;-;20;16;gut
DENW212;"'18.02.2024 06:00'";22;-;28;16;gut
DENW212;"'18.02.2024 07:00'";22;-;36;16;gut
DENW212;"'18.02.2024 08:00'";21;-;31;15;gut
DENW212;"'18.02.2024 09:00'";21;-;22;15;gut
DENW212;"'18.02.2024 10:00'";20;-;20;15;gut
DENW212;"'18.02.2024 11:00'";20;-;21;14;gut
DENW212;"'18.02.2024 12:00'";19;-;21;14;gut
DENW212;"'18.02.2024 13:00'";18;-;-;13;gut
DENW212;"'18.02.2024 14:00'";18;-;19;13;gut
DENW212;"'18.02.2024 15:00'";17;-;21;12;gut
DENW212;"'18.02.2024 16:00'";16;-;24;12;gut
DENW212;"'18.02.2024 17:00'";16;-;24;12;gut
DENW212;"'18.02.2024 18:00'";15;-;19;11;gut
DENW212;"'18.02.2024 19:00'";14;-;13;10;"sehr gut"
DENW212;"'18.02.2024 20:00'";13;-;19;10;"sehr gut"
DENW212;"'18.02.2024 21:00'";12;-;16;9;"sehr gut"
DENW212;"'18.02.2024 22:00'";11;-;12;9;"sehr gut"
DENW212;"'18.02.2024 23:00'";10;-;12;8;"sehr gut"
DENW212;"'18.02.2024 24:00'";10;-;12;7;"sehr gut"
DENW212;"'19.02.2024 01:00'";9;-;11;7;"sehr gut"
DENW212;"'19.02.2024 02:00'";10;-;15;8;"sehr gut"
DENW212;"'19.02.2024 03:00'";10;-;5;8;"sehr gut"
DENW212;"'19.02.2024 04:00'";10;-;5;8;"sehr gut"
DENW212;"'19.02.2024 05:00'";9;-;7;7;"sehr gut"
DENW212;"'19.02.2024 06:00'";9;-;16;7;"sehr gut"
DENW212;"'19.02.2024 07:00'";9;-;29;7;gut
DENW212;"'19.02.2024 08:00'";9;-;44;7;mäßig
DENW212;"'19.02.2024 09:00'";9;-;57;6;mäßig
DENW212;"'19.02.2024 10:00'";9;-;40;6;gut
DENW212;"'19.02.2024 11:00'";9;-;36;7;gut
DENW212;"'19.02.2024 12:00'";10;-;29;7;gut
DENW212;"'19.02.2024 13:00'";10;-;25;7;gut
DENW212;"'19.02.2024 14:00'";11;-;-;7;"sehr gut"
DENW212;"'19.02.2024 15:00'";11;-;24;7;gut
DENW212;"'19.02.2024 16:00'";11;-;29;8;gut
DENW212;"'19.02.2024 17:00'";11;-;26;8;gut
DENW212;"'19.02.2024 18:00'";12;-;29;8;gut
DENW212;"'19.02.2024 19:00'";12;-;29;8;gut
DENW212;"'19.02.2024 20:00'";12;-;26;8;gut
DENW212;"'19.02.2024 21:00'";12;-;22;8;gut
DENW212;"'19.02.2024 22:00'";13;-;17;9;"sehr gut"
DENW212;"'19.02.2024 23:00'";13;-;12;9;"sehr gut"
DENW212;"'19.02.2024 24:00'";14;-;11;9;"sehr gut"
DENW212;"'20.02.2024 01:00'";14;-;15;9;"sehr gut"
DENW212;"'20.02.2024 02:00'";13;-;14;8;"sehr gut"
DENW212;"'20.02.2024 03:00'";13;-;12;8;"sehr gut"
DENW212;"'20.02.2024 04:00'";13;-;16;8;"sehr gut"
DENW212;"'20.02.2024 05:00'";13;-;21;9;gut
DENW212;"'20.02.2024 06:00'";14;-;28;9;gut
DENW212;"'20.02.2024 07:00'";14;-;38;9;gut
DENW212;"'20.02.2024 08:00'";15;-;51;10;mäßig
DENW212;"'20.02.2024 09:00'";15;-;50;10;mäßig
DENW212;"'20.02.2024 10:00'";16;-;43;10;mäßig
DENW212;"'20.02.2024 11:00'";16;-;37;11;gut
DENW212;"'20.02.2024 12:00'";16;-;34;11;gut
DENW212;"'20.02.2024 13:00'";17;-;30;11;gut
DENW212;"'20.02.2024 14:00'";17;-;32;11;gut
DENW212;"'20.02.2024 15:00'";17;-;-;11;gut
DENW212;"'20.02.2024 16:00'";17;-;21;11;gut
DENW212;"'20.02.2024 17:00'";17;-;28;11;gut
DENW212;"'20.02.2024 18:00'";17;-;31;11;gut
DENW212;"'20.02.2024 19:00'";18;-;39;11;gut
DENW212;"'20.02.2024 20:00'";18;-;40;11;gut
DENW212;"'20.02.2024 21:00'";18;-;41;11;mäßig
DENW212;"'20.02.2024 22:00'";18;-;33;11;gut
DENW212;"'20.02.2024 23:00'";18;-;21;11;gut
DENW212;"'20.02.2024 24:00'";18;-;20;11;gut
DENW212;"'21.02.2024 01:00'";17;-;16;11;gut
DENW212;"'21.02.2024 02:00'";17;-;13;11;gut
DENW212;"'21.02.2024 03:00'";17;-;13;11;gut
DENW212;"'21.02.2024 04:00'";17;-;13;11;gut
DENW212;"'21.02.2024 05:00'";17;-;14;11;gut
DENW212;"'21.02.2024 06:00'";17;-;22;11;gut
DENW212;"'21.02.2024 07:00'";16;-;32;10;gut
DENW212;"'21.02.2024 08:00'";16;-;34;10;gut
DENW212;"'21.02.2024 09:00'";16;-;34;10;gut
DENW212;"'21.02.2024 10:00'";15;-;23;9;gut
DENW212;"'21.02.2024 11:00'";15;-;23;9;gut
DENW212;"'21.02.2024 12:00'";14;-;19;9;"sehr gut"
DENW212;"'21.02.2024 13:00'";14;-;17;9;"sehr gut"
DENW212;"'21.02.2024 14:00'";14;-;19;8;"sehr gut"
DENW212;"'21.02.2024 15:00'";14;-;18;8;"sehr gut"
DENW212;"'21.02.2024 16:00'";15;-;-;8;"sehr gut"
DENW212;"'21.02.2024 17:00'";15;-;35;8;gut
DENW212;"'21.02.2024 18:00'";15;-;26;8;gut
DENW212;"'21.02.2024 19:00'";15;-;27;8;gut
DENW212;"'21.02.2024 20:00'";14;-;23;8;gut
DENW212;"'21.02.2024 21:00'";14;-;21;8;gut
DENW212;"'21.02.2024 22:00'";14;-;14;8;"sehr gut"
DENW212;"'21.02.2024 23:00'";13;-;14;7;"sehr gut"
DENW212;"'21.02.2024 24:00'";13;-;17;7;"sehr gut"
DENW212;"'22.02.2024 01:00'";13;-;26;7;gut
DENW212;"'22.02.2024 02:00'";12;-;25;7;gut
DENW212;"'22.02.2024 03:00'";12;-;18;6;"sehr gut"
DENW212;"'22.02.2024 04:00'";11;-;13;6;"sehr gut"
DENW212;"'22.02.2024 05:00'";11;-;16;6;"sehr gut"
DENW212;"'22.02.2024 06:00'";11;-;21;5;gut
DENW212;"'22.02.2024 07:00'";10;-;46;5;mäßig
DENW212;"'22.02.2024 08:00'";10;-;52;5;mäßig
DENW212;"'22.02.2024 09:00'";9;-;48;5;mäßig
DENW212;"'22.02.2024 10:00'";9;-;38;4;gut
DENW212;"'22.02.2024 11:00'";9;-;35;4;gut
DENW212;"'22.02.2024 12:00'";8;-;29;4;gut
DENW212;"'22.02.2024 13:00'";8;-;22;4;gut
DENW212;"'22.02.2024 14:00'";7;-;16;3;"sehr gut"
DENW212;"'22.02.2024 15:00'";6;-;19;3;"sehr gut"
DENW212;"'22.02.2024 16:00'";5;-;26;3;gut
DENW212;"'22.02.2024 17:00'";5;-;-;3;"sehr gut"
DENW212;"'22.02.2024 18:00'";4;-;24;2;gut
DENW212;"'22.02.2024 19:00'";4;-;17;2;"sehr gut"
DENW212;"'22.02.2024 20:00'";4;-;20;2;"sehr gut"
DENW212;"'22.02.2024 21:00'";4;-;9;2;"sehr gut"
DENW212;"'22.02.2024 22:00'";4;-;8;2;"sehr gut"
DENW212;"'22.02.2024 23:00'";4;-;8;1;"sehr gut"
DENW212;"'22.02.2024 24:00'";4;-;5;1;"sehr gut"
DENW212;"'23.02.2024 01:00'";4;-;7;1;"sehr gut"
DENW212;"'23.02.2024 02:00'";4;-;7;1;"sehr gut"
DENW212;"'23.02.2024 03:00'";4;-;6;1;"sehr gut"
DENW212;"'23.02.2024 04:00'";4;-;5;1;"sehr gut"
DENW212;"'23.02.2024 05:00'";4;-;9;1;"sehr gut"
DENW212;"'23.02.2024 06:00'";4;-;17;1;"sehr gut"
DENW212;"'23.02.2024 07:00'";4;-;30;2;gut
DENW212;"'23.02.2024 08:00'";4;-;36;2;gut
DENW212;"'23.02.2024 09:00'";4;-;40;2;gut
DENW212;"'23.02.2024 10:00'";4;-;22;2;gut
DENW212;"'23.02.2024 11:00'";4;-;19;2;"sehr gut"
DENW212;"'23.02.2024 12:00'";4;-;14;2;"sehr gut"
DENW212;"'23.02.2024 13:00'";5;-;11;2;"sehr gut"
DENW212;"'23.02.2024 14:00'";5;-;15;2;"sehr gut"
DENW212;"'23.02.2024 15:00'";5;-;15;2;"sehr gut"
DENW212;"'23.02.2024 16:00'";5;-;16;2;"sehr gut"
DENW212;"'23.02.2024 17:00'";5;-;17;2;"sehr gut"
DENW212;"'23.02.2024 18:00'";5;-;-;2;"sehr gut"
DENW212;"'23.02.2024 19:00'";5;-;31;2;gut
DENW212;"'23.02.2024 20:00'";5;-;34;2;gut
DENW212;"'23.02.2024 21:00'";5;-;27;2;gut
DENW212;"'23.02.2024 22:00'";5;-;26;2;gut
DENW212;"'23.02.2024 23:00'";5;-;22;2;gut
DENW212;"'23.02.2024 24:00'";5;-;23;2;gut
DENW212;"'24.02.2024 01:00'";5;-;18;2;"sehr gut"
DENW212;"'24.02.2024 02:00'";5;-;18;2;"sehr gut"
DENW212;"'24.02.2024 03:00'";5;-;14;2;"sehr gut"
DENW212;"'24.02.2024 04:00'";5;-;17;2;"sehr gut"
DENW212;"'24.02.2024 05:00'";5;-;17;2;"sehr gut"
DENW212;"'24.02.2024 06:00'";5;-;23;2;gut
DENW212;"'24.02.2024 07:00'";5;-;26;2;gut
DENW212;"'24.02.2024 08:00'";5;-;33;2;gut
DENW212;"'24.02.2024 09:00'";5;-;30;2;gut
DENW212;"'24.02.2024 10:00'";5;-;22;2;gut
DENW212;"'24.02.2024 11:00'";4;-;15;2;"sehr gut"
DENW212;"'24.02.2024 12:00'";4;-;14;2;"sehr gut"
DENW212;"'24.02.2024 13:00'";4;-;14;2;"sehr gut"
DENW212;"'24.02.2024 14:00'";4;-;14;2;"sehr gut"
DENW212;"'24.02.2024 15:00'";4;-;15;2;"sehr gut"
DENW212;"'24.02.2024 16:00'";4;-;14;2;"sehr gut"
DENW212;"'24.02.2024 17:00'";4;-;24;2;gut
DENW212;"'24.02.2024 18:00'";4;-;22;2;gut
DENW212;"'24.02.2024 19:00'";4;-;-;2;"sehr gut"
DENW212;"'24.02.2024 20:00'";4;-;29;2;gut
DENW212;"'24.02.2024 21:00'";4;-;28;2;gut
DENW212;"'24.02.2024 22:00'";4;-;25;2;gut
DENW212;"'24.02.2024 23:00'";4;-;23;2;gut
DENW212;"'24.02.2024 24:00'";4;-;18;2;"sehr gut"
DENW212;"'25.02.2024 01:00'";4;-;15;2;"sehr gut"
DENW212;"'25.02.2024 02:00'";4;-;11;2;"sehr gut"
DENW212;"'25.02.2024 03:00'";4;-;12;2;"sehr gut"
DENW212;"'25.02.2024 04:00'";4;-;13;2;"sehr gut"
DENW212;"'25.02.2024 05:00'";4;-;13;2;"sehr gut"
DENW212;"'25.02.2024 06:00'";4;-;13;2;"sehr gut"
DENW212;"'25.02.2024 07:00'";4;-;17;2;"sehr gut"
DENW212;"'25.02.2024 08:00'";4;-;22;2;gut
DENW212;"'25.02.2024 09:00'";3;-;19;2;"sehr gut"
DENW212;"'25.02.2024 10:00'";3;-;13;2;"sehr gut"
DENW212;"'25.02.2024 11:00'";3;-;8;2;"sehr gut"
DENW212;"'25.02.2024 12:00'";3;-;9;2;"sehr gut"
DENW212;"'25.02.2024 13:00'";3;-;12;2;"sehr gut"
DENW212;"'25.02.2024 14:00'";3;-;12;2;"sehr gut"
DENW212;"'25.02.2024 15:00'";3;-;13;2;"sehr gut"
DENW212;"'25.02.2024 16:00'";3;-;11;2;"sehr gut"
DENW212;"'25.02.2024 17:00'";3;-;12;2;"sehr gut"
DENW212;"'25.02.2024 18:00'";3;-;12;2;"sehr gut"
DENW212;"'25.02.2024 19:00'";3;-;22;2;gut
DENW212;"'25.02.2024 20:00'";3;-;-;2;"sehr gut"
DENW212;"'25.02.2024 21:00'";3;-;17;2;"sehr gut"
DENW212;"'25.02.2024 22:00'";3;-;15;2;"sehr gut"
DENW212;"'25.02.2024 23:00'";3;-;14;2;"sehr gut"
DENW212;"'25.02.2024 24:00'";3;-;15;2;"sehr gut"
DENW212;"'26.02.2024 01:00'";3;-;20;2;"sehr gut"
DENW212;"'26.02.2024 02:00'";3;-;10;2;"sehr gut"
DENW212;"'26.02.2024 03:00'";3;-;7;2;"sehr gut"
DENW212;"'26.02.2024 04:00'";3;-;9;2;"sehr gut"
DENW212;"'26.02.2024 05:00'";3;-;9;2;"sehr gut"
DENW212;"'26.02.2024 06:00'";3;-;17;2;"sehr gut"
DENW212;"'26.02.2024 07:00'";3;-;23;2;gut
DENW212;"'26.02.2024 08:00'";3;-;29;2;gut
DENW212;"'26.02.2024 09:00'";3;-;33;2;gut
DENW212;"'26.02.2024 10:00'";4;-;26;2;gut
DENW212;"'26.02.2024 11:00'";4;-;-;2;"sehr gut"
DENW212;"'26.02.2024 12:00'";4;-;-;2;"sehr gut"
DENW212;"'26.02.2024 13:00'";4;-;-;2;"sehr gut"
DENW212;"'26.02.2024 14:00'";4;-;-;2;"sehr gut"
DENW212;"'26.02.2024 15:00'";4;-;26;3;gut
DENW212;"'26.02.2024 16:00'";5;-;22;3;gut
DENW212;"'26.02.2024 17:00'";5;-;27;3;gut
DENW212;"'26.02.2024 18:00'";5;-;43;3;mäßig
DENW212;"'26.02.2024 19:00'";6;-;41;4;mäßig
DENW212;"'26.02.2024 20:00'";6;-;35;4;gut
DENW212;"'26.02.2024 21:00'";6;-;28;4;gut
DENW212;"'26.02.2024 22:00'";7;-;22;4;gut
DENW212;"'26.02.2024 23:00'";7;-;20;4;"sehr gut"
DENW212;"'26.02.2024 24:00'";7;-;17;5;"sehr gut"
DENW212;"'27.02.2024 01:00'";7;-;17;5;"sehr gut"
DENW212;"'27.02.2024 02:00'";8;-;16;5;"sehr gut"
DENW212;"'27.02.2024 03:00'";8;-;16;6;"sehr gut"
DENW212;"'27.02.2024 04:00'";9;-;16;6;"sehr gut"
DENW212;"'27.02.2024 05:00'";9;-;22;7;gut
DENW212;"'27.02.2024 06:00'";10;-;20;7;"sehr gut"
DENW212;"'27.02.2024 07:00'";11;-;27;8;gut
DENW212;"'27.02.2024 08:00'";11;-;34;9;gut
DENW212;"'27.02.2024 09:00'";12;-;41;9;mäßig
DENW212;"'27.02.2024 10:00'";13;-;38;10;gut
DENW212;"'27.02.2024 11:00'";14;-;34;11;gut
DENW212;"'27.02.2024 12:00'";15;-;22;12;gut
DENW212;"'27.02.2024 13:00'";15;-;24;12;gut
DENW212;"'27.02.2024 14:00'";16;-;29;13;gut
DENW212;"'27.02.2024 15:00'";17;-;-;14;gut
DENW212;"'27.02.2024 16:00'";18;-;32;15;gut
DENW212;"'27.02.2024 17:00'";19;-;35;16;gut
DENW212;"'27.02.2024 18:00'";20;-;45;16;mäßig
DENW212;"'27.02.2024 19:00'";21;-;53;17;mäßig
DENW212;"'27.02.2024 20:00'";23;-;41;19;mäßig
DENW212;"'27.02.2024 21:00'";24;-;37;20;gut
DENW212;"'27.02.2024 22:00'";24;-;34;20;gut
DENW212;"'27.02.2024 23:00'";26;-;35;21;mäßig
DENW212;"'27.02.2024 24:00'";27;-;33;22;mäßig
DENW212;"'28.02.2024 01:00'";27;-;32;23;mäßig
DENW212;"'28.02.2024 02:00'";28;-;34;24;mäßig
DENW212;"'28.02.2024 03:00'";29;-;26;24;mäßig
DENW212;"'28.02.2024 04:00'";30;-;31;25;mäßig
DENW212;"'28.02.2024 05:00'";31;-;33;26;schlecht
DENW212;"'28.02.2024 06:00'";32;-;33;27;schlecht
DENW212;"'28.02.2024 07:00'";33;-;33;28;schlecht
DENW212;"'28.02.2024 08:00'";34;-;42;29;schlecht
DENW212;"'28.02.2024 09:00'";35;-;43;30;schlecht
DENW212;"'28.02.2024 10:00'";36;-;38;30;schlecht
DENW212;"'28.02.2024 11:00'";36;-;40;31;schlecht
DENW212;"'28.02.2024 12:00'";37;-;35;31;schlecht
DENW212;"'28.02.2024 13:00'";38;-;34;32;schlecht
DENW212;"'28.02.2024 14:00'";38;-;36;32;schlecht
DENW212;"'28.02.2024 15:00'";38;-;38;32;schlecht
DENW212;"'28.02.2024 16:00'";38;-;-;32;schlecht
DENW212;"'28.02.2024 17:00'";38;-;39;32;schlecht
DENW212;"'28.02.2024 18:00'";38;-;43;31;schlecht
DENW212;"'28.02.2024 19:00'";37;-;52;30;schlecht
DENW212;"'28.02.2024 20:00'";36;-;56;30;schlecht
DENW212;"'28.02.2024 21:00'";36;-;59;29;schlecht
DENW212;"'28.02.2024 22:00'";36;-;61;29;schlecht
DENW212;"'28.02.2024 23:00'";35;-;56;29;schlecht
DENW212;"'28.02.2024 24:00'";35;-;45;28;schlecht
DENW212;"'29.02.2024 01:00'";34;-;43;27;schlecht
DENW212;"'29.02.2024 02:00'";33;-;36;27;schlecht
DENW212;"'29.02.2024 03:00'";33;-;27;26;schlecht
DENW212;"'29.02.2024 04:00'";32;-;21;25;mäßig
DENW212;"'29.02.2024 05:00'";31;-;20;24;mäßig
DENW212;"'29.02.2024 06:00'";30;-;20;23;mäßig
DENW212;"'29.02.2024 07:00'";29;-;30;23;mäßig
DENW212;"'29.02.2024 08:00'";28;-;30;22;mäßig
DENW212;"'29.02.2024 09:00'";26;-;28;20;gut
DENW212;"'29.02.2024 10:00'";26;-;21;19;gut
DENW212;"'29.02.2024 11:00'";25;-;-;18;gut
DENW212;"'29.02.2024 12:00'";24;-;-;17;gut
DENW212;"'29.02.2024 13:00'";22;-;-;17;gut
DENW212;"'29.02.2024 14:00'";22;-;-;16;gut
DENW212;"'29.02.2024 15:00'";20;-;28;15;gut
DENW212;"'29.02.2024 16:00'";20;-;29;14;gut
DENW212;"'29.02.2024 17:00'";19;-;34;14;gut
DENW212;"'29.02.2024 18:00'";18;-;58;13;mäßig
DENW212;"'29.02.2024 19:00'";18;-;37;13;gut
DENW212;"'29.02.2024 20:00'";17;-;32;12;gut
DENW212;"'29.02.2024 21:00'";16;-;32;12;gut
DENW212;"'29.02.2024 22:00'";16;-;28;11;gut
DENW212;"'29.02.2024 23:00'";15;-;27;11;gut
DENW212;"'29.02.2024 24:00'";15;-;30;11;gut
DENW212;"'01.03.2024 01:00'";15;-;24;11;gut
DENW212;"'01.03.2024 02:00'";16;-;20;11;gut
DENW212;"'01.03.2024 03:00'";16;-;19;11;gut
DENW212;"'01.03.2024 04:00'";16;-;21;12;gut
DENW212;"'01.03.2024 05:00'";16;-;15;12;gut
DENW212;"'01.03.2024 06:00'";16;-;22;12;gut
DENW212;"'01.03.2024 07:00'";16;-;29;11;gut
DENW212;"'01.03.2024 08:00'";16;-;42;11;mäßig
DENW212;"'01.03.2024 09:00'";15;-;45;11;mäßig
DENW212;"'01.03.2024 10:00'";14;-;49;10;mäßig
DENW212;"'01.03.2024 11:00'";14;-;46;10;mäßig
DENW212;"'01.03.2024 12:00'";14;-;32;10;gut
DENW212;"'01.03.2024 13:00'";14;-;25;10;gut
DENW212;"'01.03.2024 14:00'";14;-;15;9;"sehr gut"
DENW212;"'01.03.2024 15:00'";13;-;-;9;"sehr gut"
DENW212;"'01.03.2024 16:00'";13;-;23;9;gut
DENW212;"'01.03.2024 17:00'";13;-;27;9;gut
DENW212;"'01.03.2024 18:00'";12;-;30;9;gut
DENW212;"'01.03.2024 19:00'";12;-;21;9;gut
DENW212;"'01.03.2024 20:00'";12;-;21;8;gut
DENW212;"'01.03.2024 21:00'";12;-;14;8;"sehr gut"
DENW212;"'01.03.2024 22:00'";11;-;13;8;"sehr gut"
DENW212;"'01.03.2024 23:00'";11;-;17;8;"sehr gut"
DENW212;"'01.03.2024 24:00'";10;-;13;7;"sehr gut"
DENW212;"'02.03.2024 01:00'";10;-;14;6;"sehr gut"
DENW212;"'02.03.2024 02:00'";9;-;13;6;"sehr gut"
DENW212;"'02.03.2024 03:00'";8;-;15;5;"sehr gut"
DENW212;"'02.03.2024 04:00'";8;-;13;5;"sehr gut"
DENW212;"'02.03.2024 05:00'";7;-;13;4;"sehr gut"
DENW212;"'02.03.2024 06:00'";7;-;16;4;"sehr gut"
DENW212;"'02.03.2024 07:00'";6;-;26;3;gut
DENW212;"'02.03.2024 08:00'";6;-;27;3;gut
DENW212;"'02.03.2024 09:00'";6;-;25;3;gut
DENW212;"'02.03.2024 10:00'";6;-;20;3;"sehr gut"
DENW212;"'02.03.2024 11:00'";7;-;16;3;"sehr gut"
DENW212;"'02.03.2024 12:00'";6;-;13;3;"sehr gut"
DENW212;"'02.03.2024 13:00'";7;-;12;3;"sehr gut"
DENW212;"'02.03.2024 14:00'";7;-;12;3;"sehr gut"
DENW212;"'02.03.2024 15:00'";6;-;14;3;"sehr gut"
DENW212;"'02.03.2024 16:00'";6;-;-;3;"sehr gut"
DENW212;"'02.03.2024 17:00'";6;-;14;3;"sehr gut"
DENW212;"'02.03.2024 18:00'";6;-;15;3;"sehr gut"
DENW212;"'02.03.2024 19:00'";6;-;16;3;"sehr gut"
DENW212;"'02.03.2024 20:00'";6;-;20;3;"sehr gut"
DENW212;"'02.03.2024 21:00'";6;-;23;3;gut
DENW212;"'02.03.2024 22:00'";6;-;18;3;"sehr gut"
DENW212;"'02.03.2024 23:00'";6;-;19;3;"sehr gut"
DENW212;"'02.03.2024 24:00'";7;-;27;3;gut
DENW212;"'03.03.2024 01:00'";7;-;20;4;"sehr gut"
DENW212;"'03.03.2024 02:00'";7;-;21;4;gut
DENW212;"'03.03.2024 03:00'";7;-;14;4;"sehr gut"
DENW212;"'03.03.2024 04:00'";8;-;10;4;"sehr gut"
DENW212;"'03.03.2024 05:00'";8;-;14;4;"sehr gut"
DENW212;"'03.03.2024 06:00'";8;-;19;5;"sehr gut"
DENW212;"'03.03.2024 07:00'";8;-;23;5;gut
DENW212;"'03.03.2024 08:00'";9;-;27;5;gut
DENW212;"'03.03.2024 09:00'";9;-;25;6;gut
DENW212;"'03.03.2024 10:00'";9;-;27;6;gut
DENW212;"'03.03.2024 11:00'";9;-;21;6;gut
DENW212;"'03.03.2024 12:00'";9;-;17;6;"sehr gut"
DENW212;"'03.03.2024 13:00'";9;-;11;7;"sehr gut"
DENW212;"'03.03.2024 14:00'";10;-;10;7;"sehr gut"
DENW212;"'03.03.2024 15:00'";10;-;11;8;"sehr gut"
DENW212;"'03.03.2024 16:00'";10;-;18;8;"sehr gut"
DENW212;"'03.03.2024 17:00'";11;-;-;8;"sehr gut"
DENW212;"'03.03.2024 18:00'";12;-;43;9;mäßig
DENW212;"'03.03.2024 19:00'";14;-;39;11;gut
DENW212;"'03.03.2024 20:00'";16;-;33;13;gut
DENW212;"'03.03.2024 21:00'";18;-;29;14;gut
DENW212;"'03.03.2024 22:00'";19;-;27;14;gut
DENW212;"'03.03.2024 23:00'";19;-;32;15;gut
DENW212;"'03.03.2024 24:00'";20;-;21;16;gut
DENW212;"'04.03.2024 01:00'";21;-;15;17;gut
DENW212;"'04.03.2024 02:00'";21;-;13;17;gut
DENW212;"'04.03.2024 03:00'";22;-;10;18;gut
DENW212;"'04.03.2024 04:00'";23;-;12;18;gut
DENW212;"'04.03.2024 05:00'";23;-;13;19;gut
DENW212;"'04.03.2024 06:00'";24;-;15;20;gut
DENW212;"'04.03.2024 07:00'";24;-;17;20;gut
DENW212;"'04.03.2024 08:00'";24;-;22;20;gut
DENW212;"'04.03.2024 09:00'";24;-;28;20;gut
DENW212;"'04.03.2024 10:00'";24;-;24;20;gut
DENW212;"'04.03.2024 11:00'";24;-;-;19;gut
DENW212;"'04.03.2024 12:00'";24;-;-;19;gut
DENW212;"'04.03.2024 13:00'";25;-;32;19;gut
DENW212;"'04.03.2024 14:00'";25;-;35;19;gut
DENW212;"'04.03.2024 15:00'";25;-;29;19;gut
DENW212;"'04.03.2024 16:00'";25;-;32;19;gut
DENW212;"'04.03.2024 17:00'";25;-;32;19;gut
DENW212;"'04.03.2024 18:00'";25;-;36;19;gut
DENW212;"'04.03.2024 19:00'";23;-;50;18;mäßig
DENW212;"'04.03.2024 20:00'";22;-;51;16;mäßig
DENW212;"'04.03.2024 21:00'";21;-;44;15;mäßig
DENW212;"'04.03.2024 22:00'";21;-;51;15;mäßig
DENW212;"'04.03.2024 23:00'";21;-;54;15;mäßig
DENW212;"'04.03.2024 24:00'";21;-;55;16;mäßig
DENW212;"'05.03.2024 01:00'";22;-;51;16;mäßig
DENW212;"'05.03.2024 02:00'";22;-;54;16;mäßig
DENW212;"'05.03.2024 03:00'";23;-;50;16;mäßig
DENW212;"'05.03.2024 04:00'";23;-;48;17;mäßig
DENW212;"'05.03.2024 05:00'";24;-;45;17;mäßig
DENW212;"'05.03.2024 06:00'";24;-;49;18;mäßig
DENW212;"'05.03.2024 07:00'";24;-;43;18;mäßig
DENW212;"'05.03.2024 08:00'";25;-;42;19;mäßig
DENW212;"'05.03.2024 09:00'";26;-;41;20;mäßig
DENW212;"'05.03.2024 10:00'";28;-;39;21;mäßig
DENW212;"'05.03.2024 11:00'";29;-;41;22;mäßig
DENW212;"'05.03.2024 12:00'";30;-;50;23;mäßig
DENW212;"'05.03.2024 13:00'";30;-;-;23;mäßig
DENW212;"'05.03.2024 14:00'";30;-;48;23;mäßig
DENW212;"'05.03.2024 15:00'";30;-;35;23;mäßig
DENW212;"'05.03.2024 16:00'";30;-;34;24;mäßig
DENW212;"'05.03.2024 17:00'";30;-;48;24;mäßig
DENW212;"'05.03.2024 18:00'";30;-;60;24;mäßig
DENW212;"'05.03.2024 19:00'";30;-;60;24;mäßig
DENW212;"'05.03.2024 20:00'";30;-;53;24;mäßig
DENW212;"'05.03.2024 21:00'";30;-;55;24;mäßig
DENW212;"'05.03.2024 22:00'";29;-;59;24;mäßig
DENW212;"'05.03.2024 23:00'";29;-;59;23;mäßig
DENW212;"'05.03.2024 24:00'";28;-;54;23;mäßig
DENW212;"'06.03.2024 01:00'";28;-;48;23;mäßig
DENW212;"'06.03.2024 02:00'";28;-;47;22;mäßig
DENW212;"'06.03.2024 03:00'";27;-;44;22;mäßig
DENW212;"'06.03.2024 04:00'";26;-;42;21;mäßig
DENW212;"'06.03.2024 05:00'";26;-;40;21;mäßig
DENW212;"'06.03.2024 06:00'";25;-;34;20;gut
DENW212;"'06.03.2024 07:00'";24;-;47;19;mäßig
DENW212;"'06.03.2024 08:00'";23;-;48;18;mäßig
DENW212;"'06.03.2024 09:00'";22;-;44;17;mäßig
DENW212;"'06.03.2024 10:00'";21;-;35;16;gut
DENW212;"'06.03.2024 11:00'";20;-;36;15;gut
DENW212;"'06.03.2024 12:00'";19;-;37;14;gut
DENW212;"'06.03.2024 13:00'";19;-;24;14;gut
DENW212;"'06.03.2024 14:00'";19;-;-;14;gut
DENW212;"'06.03.2024 15:00'";19;-;17;14;gut
DENW212;"'06.03.2024 16:00'";18;-;23;14;gut
DENW212;"'06.03.2024 17:00'";18;-;30;14;gut
DENW212;"'06.03.2024 18:00'";18;-;34;14;gut
DENW212;"'06.03.2024 19:00'";19;-;52;14;mäßig
DENW212;"'06.03.2024 20:00'";19;-;47;15;mäßig
DENW212;"'06.03.2024 21:00'";20;-;25;15;gut
DENW212;"'06.03.2024 22:00'";20;-;20;15;gut
DENW212;"'06.03.2024 23:00'";20;-;22;16;gut
DENW212;"'06.03.2024 24:00'";21;-;43;16;mäßig
DENW212;"'07.03.2024 01:00'";21;-;47;16;mäßig
DENW212;"'07.03.2024 02:00'";21;-;30;16;gut
DENW212;"'07.03.2024 03:00'";21;-;33;16;gut
DENW212;"'07.03.2024 04:00'";22;-;35;17;gut
DENW212;"'07.03.2024 05:00'";22;-;23;17;gut
DENW212;"'07.03.2024 06:00'";22;-;28;17;gut
DENW212;"'07.03.2024 07:00'";23;-;39;18;gut
DENW212;"'07.03.2024 08:00'";24;-;42;18;mäßig
DENW212;"'07.03.2024 09:00'";25;-;33;19;gut
DENW212;"'07.03.2024 10:00'";26;-;19;20;gut
DENW212;"'07.03.2024 11:00'";26;-;12;20;gut
DENW212;"'07.03.2024 12:00'";27;-;12;20;gut
DENW212;"'07.03.2024 13:00'";27;-;13;20;gut
DENW212;"'07.03.2024 14:00'";27;-;13;20;gut
DENW212;"'07.03.2024 15:00'";27;-;-;20;gut
DENW212;"'07.03.2024 16:00'";28;-;15;21;mäßig
DENW212;"'07.03.2024 17:00'";28;-;19;21;mäßig
DENW212;"'07.03.2024 18:00'";28;-;23;21;mäßig
DENW212;"'07.03.2024 19:00'";28;-;30;21;mäßig
DENW212;"'07.03.2024 20:00'";28;-;30;20;gut
DENW212;"'07.03.2024 21:00'";27;-;19;20;gut
DENW212;"'07.03.2024 22:00'";27;-;12;19;gut
DENW212;"'07.03.2024 23:00'";27;-;12;19;gut
DENW212;"'07.03.2024 24:00'";27;-;14;19;gut
DENW212;"'08.03.2024 01:00'";26;-;14;19;gut
DENW212;"'08.03.2024 02:00'";26;-;13;19;gut
DENW212;"'08.03.2024 03:00'";26;-;14;19;gut
DENW212;"'08.03.2024 04:00'";26;-;13;19;gut
DENW212;"'08.03.2024 05:00'";26;-;12;19;gut
DENW212;"'08.03.2024 06:00'";26;-;19;19;gut
DENW212;"'08.03.2024 07:00'";26;-;29;19;gut
DENW212;"'08.03.2024 08:00'";26;-;39;19;gut
DENW212;"'08.03.2024 09:00'";26;-;30;19;gut
DENW212;"'08.03.2024 10:00'";26;-;14;19;gut
DENW212;"'08.03.2024 11:00'";26;-;12;19;gut
DENW212;"'08.03.2024 12:00'";26;-;10;19;gut
DENW212;"'08.03.2024 13:00'";26;-;13;19;gut
DENW212;"'08.03.2024 14:00'";26;-;12;18;gut
DENW212;"'08.03.2024 15:00'";26;-;12;18;gut
DENW212;"'08.03.2024 16:00'";25;-;-;18;gut
DENW212;"'08.03.2024 17:00'";25;-;10;18;gut
DENW212;"'08.03.2024 18:00'";25;-;13;18;gut
DENW212;"'08.03.2024 19:00'";25;-;19;18;gut
DENW212;"'08.03.2024 20:00'";25;-;23;18;gut
DENW212;"'08.03.2024 21:00'";25;-;24;18;gut
DENW212;"'08.03.2024 22:00'";25;-;26;19;gut
DENW212;"'08.03.2024 23:00'";25;-;27;18;gut
DENW212;"'08.03.2024 24:00'";25;-;32;18;gut
DENW212;"'09.03.2024 01:00'";24;-;26;18;gut
DENW212;"'09.03.2024 02:00'";24;-;36;18;gut
DENW212;"'09.03.2024 03:00'";24;-;34;17;gut
DENW212;"'09.03.2024 04:00'";23;-;17;17;gut
DENW212;"'09.03.2024 05:00'";23;-;15;17;gut
DENW212;"'09.03.2024 06:00'";23;-;11;16;gut
DENW212;"'09.03.2024 07:00'";22;-;12;16;gut
DENW212;"'09.03.2024 08:00'";22;-;15;16;gut
DENW212;"'09.03.2024 09:00'";21;-;17;15;gut
DENW212;"'09.03.2024 10:00'";21;-;13;15;gut
DENW212;"'09.03.2024 11:00'";21;-;11;15;gut
DENW212;"'09.03.2024 12:00'";20;-;12;15;gut
DENW212;"'09.03.2024 13:00'";20;-;14;15;gut
DENW212;"'09.03.2024 14:00'";20;-;12;15;gut
DENW212;"'09.03.2024 15:00'";20;-;13;15;gut
DENW212;"'09.03.2024 16:00'";19;-;12;14;gut
DENW212;"'09.03.2024 17:00'";19;-;-;14;gut
DENW212;"'09.03.2024 18:00'";19;-;23;14;gut
DENW212;"'09.03.2024 19:00'";18;-;28;14;gut
DENW212;"'09.03.2024 20:00'";18;-;26;14;gut
DENW212;"'09.03.2024 21:00'";18;-;31;13;gut
DENW212;"'09.03.2024 22:00'";18;-;37;13;gut
DENW212;"'09.03.2024 23:00'";18;-;24;13;gut
DENW212;"'09.03.2024 24:00'";17;-;20;13;gut
DENW212;"'10.03.2024 01:00'";17;-;18;13;gut
DENW212;"'10.03.2024 02:00'";17;-;18;13;gut
DENW212;"'10.03.2024 03:00'";17;-;13;12;gut
DENW212;"'10.03.2024 04:00'";17;-;12;12;gut
DENW212;"'10.03.2024 05:00'";17;-;9;12;gut
DENW212;"'10.03.2024 06:00'";16;-;10;12;gut
DENW212;"'10.03.2024 07:00'";16;-;16;12;gut
DENW212;"'10.03.2024 08:00'";16;-;20;11;gut
DENW212;"'10.03.2024 09:00'";15;-;25;11;gut
DENW212;"'10.03.2024 10:00'";15;-;18;11;gut
DENW212;"'10.03.2024 11:00'";14;-;12;11;gut
DENW212;"'10.03.2024 12:00'";14;-;12;10;"sehr gut"
DENW212;"'10.03.2024 13:00'";13;-;15;10;"sehr gut"
DENW212;"'10.03.2024 14:00'";13;-;14;10;"sehr gut"
DENW212;"'10.03.2024 15:00'";13;-;12;10;"sehr gut"
DENW212;"'10.03.2024 16:00'";13;-;19;10;"sehr gut"
DENW212;"'10.03.2024 17:00'";13;-;15;10;"sehr gut"
DENW212;"'10.03.2024 18:00'";13;-;-;10;"sehr gut"
DENW212;"'10.03.2024 19:00'";13;-;27;10;gut
DENW212;"'10.03.2024 20:00'";13;-;31;10;gut
DENW212;"'10.03.2024 21:00'";14;-;38;11;gut
DENW212;"'10.03.2024 22:00'";14;-;27;11;gut
DENW212;"'10.03.2024 23:00'";14;-;20;11;gut
DENW212;"'10.03.2024 24:00'";14;-;17;11;gut
DENW212;"'11.03.2024 01:00'";14;-;20;12;gut
DENW212;"'11.03.2024 02:00'";15;-;24;12;gut
DENW212;"'11.03.2024 03:00'";15;-;23;13;gut
DENW212;"'11.03.2024 04:00'";16;-;24;13;gut
DENW212;"'11.03.2024 05:00'";17;-;23;14;gut
DENW212;"'11.03.2024 06:00'";18;-;27;15;gut
DENW212;"'11.03.2024 07:00'";19;-;36;16;gut
DENW212;"'11.03.2024 08:00'";19;-;39;17;gut
DENW212;"'11.03.2024 09:00'";20;-;43;17;mäßig
DENW212;"'11.03.2024 10:00'";19;-;34;17;gut
DENW212;"'11.03.2024 11:00'";19;-;32;17;gut
DENW212;"'11.03.2024 12:00'";19;-;31;16;gut
DENW212;"'11.03.2024 13:00'";19;-;33;16;gut
DENW212;"'11.03.2024 14:00'";18;-;32;16;gut
DENW212;"'11.03.2024 15:00'";18;-;26;15;gut
DENW212;"'11.03.2024 16:00'";18;-;38;15;gut
DENW212;"'11.03.2024 17:00'";18;-;35;15;gut
DENW212;"'11.03.2024 18:00'";17;-;34;15;gut
DENW212;"'11.03.2024 19:00'";17;-;-;14;gut
DENW212;"'11.03.2024 20:00'";17;-;56;14;mäßig
DENW212;"'11.03.2024 21:00'";16;-;51;14;mäßig
DENW212;"'11.03.2024 22:00'";16;-;45;13;mäßig
DENW212;"'11.03.2024 23:00'";15;-;29;13;gut
DENW212;"'11.03.2024 24:00'";14;-;20;12;gut
DENW212;"'12.03.2024 01:00'";13;-;16;11;gut
DENW212;"'12.03.2024 02:00'";13;-;16;11;gut
DENW212;"'12.03.2024 03:00'";13;-;18;10;"sehr gut"
DENW212;"'12.03.2024 04:00'";12;-;16;10;"sehr gut"
DENW212;"'12.03.2024 05:00'";12;-;11;10;"sehr gut"
DENW212;"'12.03.2024 06:00'";11;-;16;9;"sehr gut"
DENW212;"'12.03.2024 07:00'";11;-;23;9;gut
DENW212;"'12.03.2024 08:00'";10;-;31;8;gut
DENW212;"'12.03.2024 09:00'";10;-;38;8;gut
DENW212;"'12.03.2024 10:00'";11;-;40;8;gut
DENW212;"'12.03.2024 11:00'";11;-;41;9;mäßig
DENW212;"'12.03.2024 12:00'";12;-;33;10;gut
DENW212;"'12.03.2024 13:00'";13;-;35;10;gut
DENW212;"'12.03.2024 14:00'";14;-;26;11;gut
DENW212;"'12.03.2024 15:00'";15;-;25;12;gut
DENW212;"'12.03.2024 16:00'";16;-;30;13;gut
DENW212;"'12.03.2024 17:00'";17;-;30;13;gut
DENW212;"'12.03.2024 18:00'";18;-;34;14;gut
DENW212;"'12.03.2024 19:00'";18;-;39;15;gut
DENW212;"'12.03.2024 20:00'";19;-;-;15;gut
DENW212;"'12.03.2024 21:00'";19;-;22;15;gut
DENW212;"'12.03.2024 22:00'";19;-;25;15;gut
DENW212;"'12.03.2024 23:00'";19;-;21;15;gut
DENW212;"'12.03.2024 24:00'";19;-;20;16;gut
DENW212;"'13.03.2024 01:00'";19;-;16;16;gut
DENW212;"'13.03.2024 02:00'";19;-;14;16;gut
DENW212;"'13.03.2024 03:00'";19;-;14;15;gut
DENW212;"'13.03.2024 04:00'";18;-;11;14;gut
DENW212;"'13.03.2024 05:00'";17;-;13;14;gut
DENW212;"'13.03.2024 06:00'";17;-;18;13;gut
DENW212;"'13.03.2024 07:00'";16;-;33;13;gut
DENW212;"'13.03.2024 08:00'";15;-;47;12;mäßig
DENW212;"'13.03.2024 09:00'";15;-;49;12;mäßig
DENW212;"'13.03.2024 10:00'";15;-;49;11;mäßig
DENW212;"'13.03.2024 11:00'";14;-;33;11;gut
DENW212;"'13.03.2024 12:00'";14;-;29;10;gut
DENW212;"'13.03.2024 13:00'";13;-;31;10;gut
DENW212;"'13.03.2024 14:00'";12;-;33;9;gut
DENW212;"'13.03.2024 15:00'";12;-;38;8;gut
DENW212;"'13.03.2024 16:00'";11;-;37;8;gut
DENW212;"'13.03.2024 17:00'";10;-;34;7;gut
DENW212;"'13.03.2024 18:00'";9;-;31;6;gut
DENW212;"'13.03.2024 19:00'";9;-;31;5;gut
DENW212;"'13.03.2024 20:00'";8;-;27;5;gut
DENW212;"'13.03.2024 21:00'";8;-;-;5;"sehr gut"
DENW212;"'13.03.2024 22:00'";8;-;39;5;gut
DENW212;"'13.03.2024 23:00'";8;-;27;5;gut
DENW212;"'13.03.2024 24:00'";8;-;31;5;gut
DENW212;"'14.03.2024 01:00'";8;-;31;4;gut
DENW212;"'14.03.2024 02:00'";8;-;29;4;gut
DENW212;"'14.03.2024 03:00'";9;-;44;5;mäßig
DENW212;"'14.03.2024 04:00'";9;-;39;5;gut
DENW212;"'14.03.2024 05:00'";9;-;37;5;gut
DENW212;"'14.03.2024 06:00'";9;-;41;5;mäßig
DENW212;"'14.03.2024 07:00'";10;-;40;5;gut
DENW212;"'14.03.2024 08:00'";10;-;36;5;gut
DENW212;"'14.03.2024 09:00'";11;-;30;5;gut
DENW212;"'14.03.2024 10:00'";11;-;25;6;gut
DENW212;"'14.03.2024 11:00'";11;-;20;6;"sehr gut"
DENW212;"'14.03.2024 12:00'";12;-;17;6;"sehr gut"
DENW212;"'14.03.2024 13:00'";12;-;16;6;"sehr gut"
DENW212;"'14.03.2024 14:00'";12;-;13;6;"sehr gut"
DENW212;"'14.03.2024 15:00'";12;-;12;6;"sehr gut"
DENW212;"'14.03.2024 16:00'";12;-;15;6;"sehr gut"
DENW212;"'14.03.2024 17:00'";12;-;19;6;"sehr gut"
DENW212;"'14.03.2024 18:00'";12;-;22;6;gut
DENW212;"'14.03.2024 19:00'";12;-;29;6;gut
DENW212;"'14.03.2024 20:00'";12;-;23;6;gut
DENW212;"'14.03.2024 21:00'";12;-;29;6;gut
DENW212;"'14.03.2024 22:00'";12;-;-;6;"sehr gut"
DENW212;"'14.03.2024 23:00'";12;-;40;6;gut
DENW212;"'14.03.2024 24:00'";12;-;37;6;gut
DENW212;"'15.03.2024 01:00'";12;-;38;6;gut
DENW212;"'15.03.2024 02:00'";12;-;31;6;gut
DENW212;"'15.03.2024 03:00'";12;-;27;6;gut
DENW212;"'15.03.2024 04:00'";12;-;26;6;gut
DENW212;"'15.03.2024 05:00'";11;-;35;6;gut
DENW212;"'15.03.2024 06:00'";11;-;31;6;gut
DENW212;"'15.03.2024 07:00'";11;-;31;6;gut
DENW212;"'15.03.2024 08:00'";11;-;41;6;mäßig
DENW212;"'15.03.2024 09:00'";11;-;36;5;gut
DENW212;"'15.03.2024 10:00'";10;-;29;5;gut
DENW212;"'15.03.2024 11:00'";10;-;26;5;gut
DENW212;"'15.03.2024 12:00'";10;-;20;5;"sehr gut"
DENW212;"'15.03.2024 13:00'";10;-;21;5;gut
DENW212;"'15.03.2024 14:00'";9;-;25;5;gut
DENW212;"'15.03.2024 15:00'";9;-;20;5;"sehr gut"
DENW212;"'15.03.2024 16:00'";9;-;25;5;gut
DENW212;"'15.03.2024 17:00'";9;-;30;5;gut
DENW212;"'15.03.2024 18:00'";9;-;26;5;gut
DENW212;"'15.03.2024 19:00'";9;-;35;5;gut
DENW212;"'15.03.2024 20:00'";9;-;31;5;gut
DENW212;"'15.03.2024 21:00'";9;-;30;5;gut
DENW212;"'15.03.2024 22:00'";8;-;32;5;gut
DENW212;"'15.03.2024 23:00'";8;-;-;5;"sehr gut"
DENW212;"'15.03.2024 24:00'";8;-;27;4;gut
DENW212;"'16.03.2024 01:00'";8;-;21;4;gut
DENW212;"'16.03.2024 02:00'";8;-;13;4;"sehr gut"
DENW212;"'16.03.2024 03:00'";7;-;13;4;"sehr gut"
DENW212;"'16.03.2024 04:00'";7;-;13;4;"sehr gut"
DENW212;"'16.03.2024 05:00'";7;-;11;4;"sehr gut"
DENW212;"'16.03.2024 06:00'";7;-;14;4;"sehr gut"
DENW212;"'16.03.2024 07:00'";7;-;16;3;"sehr gut"
DENW212;"'16.03.2024 08:00'";6;-;13;3;"sehr gut"
DENW212;"'16.03.2024 09:00'";6;-;10;3;"sehr gut"
DENW212;"'16.03.2024 10:00'";5;-;11;3;"sehr gut"
DENW212;"'16.03.2024 11:00'";5;-;12;3;"sehr gut"
DENW212;"'16.03.2024 12:00'";5;-;16;3;"sehr gut"
DENW212;"'16.03.2024 13:00'";5;-;16;3;"sehr gut"
DENW212;"'16.03.2024 14:00'";5;-;15;3;"sehr gut"
DENW212;"'16.03.2024 15:00'";5;-;19;3;"sehr gut"
DENW212;"'16.03.2024 16:00'";5;-;24;3;gut
DENW212;"'16.03.2024 17:00'";5;-;23;4;gut
DENW212;"'16.03.2024 18:00'";6;-;26;4;gut
DENW212;"'16.03.2024 19:00'";6;-;37;4;gut
DENW212;"'16.03.2024 20:00'";7;-;46;5;mäßig
DENW212;"'16.03.2024 21:00'";8;-;49;5;mäßig
DENW212;"'16.03.2024 22:00'";8;-;38;5;gut
DENW212;"'16.03.2024 23:00'";8;-;44;6;mäßig
DENW212;"'16.03.2024 24:00'";8;-;-;6;"sehr gut"
DENW212;"'17.03.2024 01:00'";9;-;71;6;mäßig
DENW212;"'17.03.2024 02:00'";9;-;62;6;mäßig
DENW212;"'17.03.2024 03:00'";10;-;53;7;mäßig
DENW212;"'17.03.2024 04:00'";10;-;46;7;mäßig
DENW212;"'17.03.2024 05:00'";10;-;35;7;gut
DENW212;"'17.03.2024 06:00'";11;-;29;8;gut
DENW212;"'17.03.2024 07:00'";11;-;33;8;gut
DENW212;"'17.03.2024 08:00'";11;-;27;8;gut
DENW212;"'17.03.2024 09:00'";11;-;23;8;gut
DENW212;"'17.03.2024 10:00'";12;-;20;8;"sehr gut"
DENW212;"'17.03.2024 11:00'";12;-;19;9;"sehr gut"
DENW212;"'17.03.2024 12:00'";12;-;16;9;"sehr gut"
DENW212;"'17.03.2024 13:00'";12;-;15;9;"sehr gut"
DENW212;"'17.03.2024 14:00'";12;-;18;9;"sehr gut"
DENW212;"'17.03.2024 15:00'";12;-;14;9;"sehr gut"
DENW212;"'17.03.2024 16:00'";12;-;18;9;"sehr gut"
DENW212;"'17.03.2024 17:00'";12;-;15;9;"sehr gut"
DENW212;"'17.03.2024 18:00'";12;-;16;9;"sehr gut"
DENW212;"'17.03.2024 19:00'";11;-;20;8;"sehr gut"
DENW212;"'17.03.2024 20:00'";10;-;25;7;gut
DENW212;"'17.03.2024 21:00'";10;-;24;7;gut
DENW212;"'17.03.2024 22:00'";10;-;24;7;gut
DENW212;"'17.03.2024 23:00'";10;-;20;7;"sehr gut"
DENW212;"'17.03.2024 24:00'";10;-;21;7;gut
DENW212;"'18.03.2024 01:00'";10;-;-;7;"sehr gut"
DENW212;"'18.03.2024 02:00'";9;-;16;7;"sehr gut"
DENW212;"'18.03.2024 03:00'";9;-;10;7;"sehr gut"
DENW212;"'18.03.2024 04:00'";9;-;11;7;"sehr gut"
DENW212;"'18.03.2024 05:00'";9;-;12;7;"sehr gut"
DENW212;"'18.03.2024 06:00'";9;-;20;7;"sehr gut"
DENW212;"'18.03.2024 07:00'";9;-;29;7;gut
DENW212;"'18.03.2024 08:00'";9;-;35;7;gut
DENW212;"'18.03.2024 09:00'";10;-;37;7;gut
DENW212;"'18.03.2024 10:00'";10;-;35;7;gut
DENW212;"'18.03.2024 11:00'";11;-;36;7;gut
DENW212;"'18.03.2024 12:00'";11;-;26;7;gut
DENW212;"'18.03.2024 13:00'";11;-;20;7;"sehr gut"
DENW212;"'18.03.2024 14:00'";11;-;18;7;"sehr gut"
DENW212;"'18.03.2024 15:00'";11;-;21;7;gut
DENW212;"'18.03.2024 16:00'";11;-;18;7;"sehr gut"
DENW212;"'18.03.2024 17:00'";12;-;23;8;gut
DENW212;"'18.03.2024 18:00'";12;-;25;8;gut
DENW212;"'18.03.2024 19:00'";12;-;33;8;gut
DENW212;"'18.03.2024 20:00'";13;-;44;8;mäßig
DENW212;"'18.03.2024 21:00'";13;-;71;9;mäßig
DENW212;"'18.03.2024 22:00'";14;-;83;9;mäßig
DENW212;"'18.03.2024 23:00'";14;-;82;9;mäßig
DENW212;"'18.03.2024 24:00'";15;-;73;10;mäßig
DENW212;"'19.03.2024 01:00'";15;-;63;10;mäßig
DENW212;"'19.03.2024 02:00'";15;-;-;10;"sehr gut"
DENW212;"'19.03.2024 03:00'";16;-;47;10;mäßig
DENW212;"'19.03.2024 04:00'";16;-;34;10;gut
DENW212;"'19.03.2024 05:00'";16;-;30;10;gut
DENW212;"'19.03.2024 06:00'";16;-;30;10;gut
DENW212;"'19.03.2024 07:00'";16;-;42;10;mäßig
DENW212;"'19.03.2024 08:00'";17;-;41;10;mäßig
DENW212;"'19.03.2024 09:00'";17;-;37;10;gut
DENW212;"'19.03.2024 10:00'";18;-;39;11;gut
DENW212;"'19.03.2024 11:00'";18;-;35;11;gut
DENW212;"'19.03.2024 12:00'";18;-;27;11;gut
DENW212;"'19.03.2024 13:00'";18;-;18;11;gut
DENW212;"'19.03.2024 14:00'";19;-;15;11;gut
DENW212;"'19.03.2024 15:00'";19;-;13;11;gut
DENW212;"'19.03.2024 16:00'";19;-;15;10;"sehr gut"
DENW212;"'19.03.2024 17:00'";18;-;15;10;"sehr gut"
DENW212;"'19.03.2024 18:00'";18;-;20;10;"sehr gut"
DENW212;"'19.03.2024 19:00'";18;-;42;10;mäßig
DENW212;"'19.03.2024 20:00'";18;-;59;9;mäßig
DENW212;"'19.03.2024 21:00'";17;-;67;9;mäßig
DENW212;"'19.03.2024 22:00'";17;-;58;9;mäßig
DENW212;"'19.03.2024 23:00'";16;-;42;8;mäßig
DENW212;"'19.03.2024 24:00'";16;-;35;8;gut
DENW212;"'20.03.2024 01:00'";15;-;34;8;gut
DENW212;"'20.03.2024 02:00'";15;-;29;7;gut
DENW212;"'20.03.2024 03:00'";15;-;-;7;"sehr gut"
DENW212;"'20.03.2024 04:00'";15;-;41;7;mäßig
DENW212;"'20.03.2024 05:00'";15;-;45;7;mäßig
DENW212;"'20.03.2024 06:00'";14;-;52;7;mäßig
DENW212;"'20.03.2024 07:00'";14;-;48;7;mäßig
DENW212;"'20.03.2024 08:00'";14;-;44;7;mäßig
DENW212;"'20.03.2024 09:00'";13;-;39;7;gut
DENW212;"'20.03.2024 10:00'";13;-;31;7;gut
DENW212;"'20.03.2024 11:00'";13;-;32;7;gut
DENW212;"'20.03.2024 12:00'";13;-;34;7;gut
DENW212;"'20.03.2024 13:00'";14;-;24;7;gut
DENW212;"'20.03.2024 14:00'";13;-;16;7;"sehr gut"
DENW212;"'20.03.2024 15:00'";13;-;15;7;"sehr gut"
DENW212;"'20.03.2024 16:00'";14;-;14;7;"sehr gut"
DENW212;"'20.03.2024 17:00'";14;-;17;7;"sehr gut"
DENW212;"'20.03.2024 18:00'";14;-;26;7;gut
DENW212;"'20.03.2024 19:00'";14;-;50;7;mäßig
DENW212;"'20.03.2024 20:00'";14;-;66;7;mäßig
DENW212;"'20.03.2024 21:00'";15;-;84;8;mäßig
DENW212;"'20.03.2024 22:00'";15;-;92;8;mäßig
DENW212;"'20.03.2024 23:00'";15;-;94;8;mäßig
DENW212;"'20.03.2024 24:00'";16;-;82;8;mäßig
DENW212;"'21.03.2024 01:00'";16;-;69;9;mäßig
DENW212;"'21.03.2024 02:00'";17;-;67;9;mäßig
DENW212;"'21.03.2024 03:00'";17;-;52;9;mäßig
DENW212;"'21.03.2024 04:00'";18;-;-;9;"sehr gut"
DENW212;"'21.03.2024 05:00'";19;-;39;10;gut
DENW212;"'21.03.2024 06:00'";20;-;33;11;gut
DENW212;"'21.03.2024 07:00'";21;-;35;11;gut
DENW212;"'21.03.2024 08:00'";22;-;33;12;gut
DENW212;"'21.03.2024 09:00'";22;-;31;13;gut
DENW212;"'21.03.2024 10:00'";22;-;26;13;gut
DENW212;"'21.03.2024 11:00'";22;-;22;13;gut
DENW212;"'21.03.2024 12:00'";22;-;17;13;gut
DENW212;"'21.03.2024 13:00'";22;-;18;13;gut
DENW212;"'21.03.2024 14:00'";22;-;18;14;gut
DENW212;"'21.03.2024 15:00'";22;-;18;14;gut
DENW212;"'21.03.2024 16:00'";22;-;23;14;gut
DENW212;"'21.03.2024 17:00'";22;-;41;14;mäßig
DENW212;"'21.03.2024 18:00'";23;-;33;15;gut
DENW212;"'21.03.2024 19:00'";23;-;36;15;gut
DENW212;"'21.03.2024 20:00'";24;-;51;16;mäßig
DENW212;"'21.03.2024 21:00'";24;-;49;16;mäßig
DENW212;"'21.03.2024 22:00'";24;-;42;16;mäßig
DENW212;"'21.03.2024 23:00'";25;-;34;16;gut
DENW212;"'21.03.2024 24:00'";25;-;36;17;gut
DENW212;"'22.03.2024 01:00'";25;-;37;17;gut
DENW212;"'22.03.2024 02:00'";25;-;40;17;gut
DENW212;"'22.03.2024 03:00'";25;-;40;17;gut
DENW212;"'22.03.2024 04:00'";25;-;40;17;gut
DENW212;"'22.03.2024 05:00'";24;-;-;17;gut
DENW212;"'22.03.2024 06:00'";23;-;40;17;gut
DENW212;"'22.03.2024 07:00'";23;-;50;16;mäßig
DENW212;"'22.03.2024 08:00'";22;-;62;15;mäßig
DENW212;"'22.03.2024 09:00'";22;-;59;15;mäßig
DENW212;"'22.03.2024 10:00'";22;-;47;15;mäßig
DENW212;"'22.03.2024 11:00'";22;-;26;14;gut
DENW212;"'22.03.2024 12:00'";22;-;27;14;gut
DENW212;"'22.03.2024 13:00'";22;-;27;14;gut
DENW212;"'22.03.2024 14:00'";22;-;28;14;gut
DENW212;"'22.03.2024 15:00'";23;-;30;14;gut
DENW212;"'22.03.2024 16:00'";23;-;24;15;gut
DENW212;"'22.03.2024 17:00'";23;-;20;15;gut
DENW212;"'22.03.2024 18:00'";23;-;22;15;gut
DENW212;"'22.03.2024 19:00'";23;-;24;15;gut
DENW212;"'22.03.2024 20:00'";24;-;23;15;gut
DENW212;"'22.03.2024 21:00'";24;-;20;16;gut
DENW212;"'22.03.2024 22:00'";23;-;21;16;gut
DENW212;"'22.03.2024 23:00'";22;-;21;15;gut
DENW212;"'22.03.2024 24:00'";22;-;25;15;gut
DENW212;"'23.03.2024 01:00'";22;-;22;15;gut
DENW212;"'23.03.2024 02:00'";21;-;21;14;gut
DENW212;"'23.03.2024 03:00'";21;-;12;14;gut
DENW212;"'23.03.2024 04:00'";20;-;12;14;gut
DENW212;"'23.03.2024 05:00'";20;-;12;13;gut
DENW212;"'23.03.2024 06:00'";19;-;-;13;gut
DENW212;"'23.03.2024 07:00'";19;-;19;13;gut
DENW212;"'23.03.2024 08:00'";18;-;18;12;gut
DENW212;"'23.03.2024 09:00'";17;-;20;12;gut
DENW212;"'23.03.2024 10:00'";17;-;17;12;gut
DENW212;"'23.03.2024 11:00'";16;-;16;11;gut
DENW212;"'23.03.2024 12:00'";16;-;12;11;gut
DENW212;"'23.03.2024 13:00'";15;-;16;11;gut
DENW212;"'23.03.2024 14:00'";15;-;17;11;gut
DENW212;"'23.03.2024 15:00'";14;-;18;10;"sehr gut"
DENW212;"'23.03.2024 16:00'";13;-;18;10;"sehr gut"
DENW212;"'23.03.2024 17:00'";12;-;23;9;gut
DENW212;"'23.03.2024 18:00'";11;-;25;9;gut
DENW212;"'23.03.2024 19:00'";11;-;26;8;gut
DENW212;"'23.03.2024 20:00'";9;-;32;7;gut
DENW212;"'23.03.2024 21:00'";8;-;26;6;gut
DENW212;"'23.03.2024 22:00'";8;-;25;6;gut
DENW212;"'23.03.2024 23:00'";8;-;19;6;"sehr gut"
DENW212;"'23.03.2024 24:00'";7;-;15;5;"sehr gut"
DENW212;"'24.03.2024 01:00'";7;-;16;5;"sehr gut"
DENW212;"'24.03.2024 02:00'";7;-;16;5;"sehr gut"
DENW212;"'24.03.2024 03:00'";7;-;9;4;"sehr gut"
DENW212;"'24.03.2024 04:00'";7;-;7;4;"sehr gut"
DENW212;"'24.03.2024 05:00'";7;-;6;4;"sehr gut"
DENW212;"'24.03.2024 06:00'";7;-;7;4;"sehr gut"
DENW212;"'24.03.2024 07:00'";6;-;-;4;"sehr gut"
DENW212;"'24.03.2024 08:00'";6;-;10;4;"sehr gut"
DENW212;"'24.03.2024 09:00'";6;-;9;4;"sehr gut"
DENW212;"'24.03.2024 10:00'";6;-;9;4;"sehr gut"
DENW212;"'24.03.2024 11:00'";6;-;10;4;"sehr gut"
DENW212;"'24.03.2024 12:00'";6;-;11;4;"sehr gut"
DENW212;"'24.03.2024 13:00'";6;-;12;4;"sehr gut"
DENW212;"'24.03.2024 14:00'";6;-;13;4;"sehr gut"
DENW212;"'24.03.2024 15:00'";6;-;13;4;"sehr gut"
DENW212;"'24.03.2024 16:00'";6;-;10;4;"sehr gut"
DENW212;"'24.03.2024 17:00'";7;-;13;4;"sehr gut"
DENW212;"'24.03.2024 18:00'";7;-;13;5;"sehr gut"
DENW212;"'24.03.2024 19:00'";7;-;20;5;"sehr gut"
DENW212;"'24.03.2024 20:00'";8;-;15;5;"sehr gut"
DENW212;"'24.03.2024 21:00'";8;-;14;5;"sehr gut"
DENW212;"'24.03.2024 22:00'";8;-;13;5;"sehr gut"
DENW212;"'24.03.2024 23:00'";8;-;15;5;"sehr gut"
DENW212;"'24.03.2024 24:00'";8;-;12;6;"sehr gut"
DENW212;"'25.03.2024 01:00'";9;-;10;6;"sehr gut"
DENW212;"'25.03.2024 02:00'";9;-;10;6;"sehr gut"
DENW212;"'25.03.2024 03:00'";9;-;12;6;"sehr gut"
DENW212;"'25.03.2024 04:00'";10;-;12;6;"sehr gut"
DENW212;"'25.03.2024 05:00'";10;-;14;7;"sehr gut"
DENW212;"'25.03.2024 06:00'";11;-;27;7;gut
DENW212;"'25.03.2024 07:00'";11;-;42;7;mäßig
DENW212;"'25.03.2024 08:00'";12;-;-;7;"sehr gut"
DENW212;"'25.03.2024 09:00'";12;-;42;7;mäßig
DENW212;"'25.03.2024 10:00'";13;-;29;8;gut
DENW212;"'25.03.2024 11:00'";13;-;21;8;gut
DENW212;"'25.03.2024 12:00'";14;-;17;8;"sehr gut"
DENW212;"'25.03.2024 13:00'";14;-;19;8;"sehr gut"
DENW212;"'25.03.2024 14:00'";14;-;15;8;"sehr gut"
DENW212;"'25.03.2024 15:00'";14;-;14;8;"sehr gut"
DENW212;"'25.03.2024 16:00'";14;-;13;8;"sehr gut"
DENW212;"'25.03.2024 17:00'";14;-;12;8;"sehr gut"
DENW212;"'25.03.2024 18:00'";14;-;15;7;"sehr gut"
DENW212;"'25.03.2024 19:00'";14;-;24;7;gut
DENW212;"'25.03.2024 20:00'";13;-;34;7;gut
DENW212;"'25.03.2024 21:00'";13;-;25;7;gut
DENW212;"'25.03.2024 22:00'";13;-;23;7;gut
DENW212;"'25.03.2024 23:00'";13;-;20;7;"sehr gut"
DENW212;"'25.03.2024 24:00'";13;-;17;7;"sehr gut"
DENW212;"'26.03.2024 01:00'";13;-;13;6;"sehr gut"
DENW212;"'26.03.2024 02:00'";12;-;13;6;"sehr gut"
DENW212;"'26.03.2024 03:00'";12;-;11;6;"sehr gut"
DENW212;"'26.03.2024 04:00'";12;-;11;6;"sehr gut"
DENW212;"'26.03.2024 05:00'";11;-;28;6;gut
DENW212;"'26.03.2024 06:00'";11;-;23;6;gut
DENW212;"'26.03.2024 07:00'";10;-;26;5;gut
DENW212;"'26.03.2024 08:00'";10;-;26;5;gut
DENW212;"'26.03.2024 09:00'";9;-;-;5;"sehr gut"
DENW212;"'26.03.2024 10:00'";9;-;24;5;gut
DENW212;"'26.03.2024 11:00'";9;-;32;5;gut
DENW212;"'26.03.2024 12:00'";9;-;21;5;gut
DENW212;"'26.03.2024 13:00'";9;-;20;5;"sehr gut"
DENW212;"'26.03.2024 14:00'";9;-;19;5;"sehr gut"
DENW212;"'26.03.2024 15:00'";9;-;17;5;"sehr gut"
DENW212;"'26.03.2024 16:00'";9;-;17;5;"sehr gut"
DENW212;"'26.03.2024 17:00'";9;-;18;5;"sehr gut"
DENW212;"'26.03.2024 18:00'";10;-;20;5;"sehr gut"
DENW212;"'26.03.2024 19:00'";10;-;28;5;gut
DENW212;"'26.03.2024 20:00'";10;-;25;5;gut
DENW212;"'26.03.2024 21:00'";10;-;17;5;"sehr gut"
DENW212;"'26.03.2024 22:00'";10;-;21;5;gut
DENW212;"'26.03.2024 23:00'";10;-;36;5;gut
DENW212;"'26.03.2024 24:00'";10;-;31;5;gut
DENW212;"'27.03.2024 01:00'";10;-;26;5;gut
DENW212;"'27.03.2024 02:00'";10;-;37;5;gut
DENW212;"'27.03.2024 03:00'";10;-;25;5;gut
DENW212;"'27.03.2024 04:00'";11;-;29;5;gut
DENW212;"'27.03.2024 05:00'";11;-;33;5;gut
DENW212;"'27.03.2024 06:00'";11;-;41;5;mäßig
DENW212;"'27.03.2024 07:00'";11;-;56;5;mäßig
DENW212;"'27.03.2024 08:00'";12;-;55;5;mäßig
DENW212;"'27.03.2024 09:00'";12;-;57;6;mäßig
DENW212;"'27.03.2024 10:00'";12;-;-;6;"sehr gut"
DENW212;"'27.03.2024 11:00'";12;-;29;5;gut
DENW212;"'27.03.2024 12:00'";12;-;28;5;gut
DENW212;"'27.03.2024 13:00'";12;-;24;5;gut
DENW212;"'27.03.2024 14:00'";11;-;27;5;gut
DENW212;"'27.03.2024 15:00'";11;-;29;5;gut
DENW212;"'27.03.2024 16:00'";11;-;32;5;gut
DENW212;"'27.03.2024 17:00'";10;-;36;5;gut
DENW212;"'27.03.2024 18:00'";10;-;28;5;gut
DENW212;"'27.03.2024 19:00'";10;-;33;5;gut
DENW212;"'27.03.2024 20:00'";10;-;36;5;gut
DENW212;"'27.03.2024 21:00'";10;-;36;5;gut
DENW212;"'27.03.2024 22:00'";10;-;33;5;gut
DENW212;"'27.03.2024 23:00'";10;-;42;5;mäßig
DENW212;"'27.03.2024 24:00'";10;-;28;5;gut
DENW212;"'28.03.2024 01:00'";10;-;22;5;gut
DENW212;"'28.03.2024 02:00'";9;-;17;5;"sehr gut"
DENW212;"'28.03.2024 03:00'";9;-;13;5;"sehr gut"
DENW212;"'28.03.2024 04:00'";9;-;13;5;"sehr gut"
DENW212;"'28.03.2024 05:00'";9;-;22;5;gut
DENW212;"'28.03.2024 06:00'";9;-;25;5;gut
DENW212;"'28.03.2024 07:00'";9;-;24;5;gut
DENW212;"'28.03.2024 08:00'";8;-;27;4;gut
DENW212;"'28.03.2024 09:00'";8;-;40;4;gut
DENW212;"'28.03.2024 10:00'";8;-;29;4;gut
DENW212;"'28.03.2024 11:00'";7;-;-;4;"sehr gut"
DENW212;"'28.03.2024 12:00'";7;-;26;4;gut
DENW212;"'28.03.2024 13:00'";7;-;21;4;gut
DENW212;"'28.03.2024 14:00'";7;-;18;4;"sehr gut"
DENW212;"'28.03.2024 15:00'";7;-;23;4;gut
DENW212;"'28.03.2024 16:00'";7;-;24;4;gut
DENW212;"'28.03.2024 17:00'";6;-;20;4;"sehr gut"
DENW212;"'28.03.2024 18:00'";6;-;25;4;gut
DENW212;"'28.03.2024 19:00'";6;-;29;4;gut
DENW212;"'28.03.2024 20:00'";6;-;28;4;gut
DENW212;"'28.03.2024 21:00'";6;-;21;4;gut
DENW212;"'28.03.2024 22:00'";6;-;16;4;"sehr gut"
DENW212;"'28.03.2024 23:00'";6;-;15;3;"sehr gut"
DENW212;"'28.03.2024 24:00'";6;-;21;3;gut
DENW212;"'29.03.2024 01:00'";6;-;21;3;gut
DENW212;"'29.03.2024 02:00'";6;-;12;3;"sehr gut"
DENW212;"'29.03.2024 03:00'";6;-;10;3;"sehr gut"
DENW212;"'29.03.2024 04:00'";6;-;15;3;"sehr gut"
DENW212;"'29.03.2024 05:00'";6;-;12;3;"sehr gut"
DENW212;"'29.03.2024 06:00'";6;-;12;3;"sehr gut"
DENW212;"'29.03.2024 07:00'";5;-;17;2;"sehr gut"
DENW212;"'29.03.2024 08:00'";5;-;29;2;gut
DENW212;"'29.03.2024 09:00'";5;-;30;2;gut
DENW212;"'29.03.2024 10:00'";5;-;11;2;"sehr gut"
DENW212;"'29.03.2024 11:00'";5;-;26;2;gut
DENW212;"'29.03.2024 12:00'";5;-;-;2;"sehr gut"
DENW212;"'29.03.2024 13:00'";5;-;10;2;"sehr gut"
DENW212;"'29.03.2024 14:00'";4;-;11;2;"sehr gut"
DENW212;"'29.03.2024 15:00'";4;-;12;2;"sehr gut"
DENW212;"'29.03.2024 16:00'";4;-;10;2;"sehr gut"
DENW212;"'29.03.2024 17:00'";4;-;10;2;"sehr gut"
DENW212;"'29.03.2024 18:00'";4;-;11;2;"sehr gut"
DENW212;"'29.03.2024 19:00'";4;-;16;2;"sehr gut"
DENW212;"'29.03.2024 20:00'";4;-;18;2;"sehr gut"
DENW212;"'29.03.2024 21:00'";4;-;17;2;"sehr gut"
DENW212;"'29.03.2024 22:00'";4;-;24;2;gut
DENW212;"'29.03.2024 23:00'";3;-;17;2;"sehr gut"
DENW212;"'29.03.2024 24:00'";3;-;28;2;gut
DENW212;"'30.03.2024 01:00'";3;-;31;2;gut
DENW212;"'30.03.2024 02:00'";4;-;39;2;gut
DENW212;"'30.03.2024 03:00'";4;-;25;2;gut
DENW212;"'30.03.2024 04:00'";4;-;14;2;"sehr gut"
DENW212;"'30.03.2024 05:00'";4;-;18;2;"sehr gut"
DENW212;"'30.03.2024 06:00'";4;-;18;3;"sehr gut"
DENW212;"'30.03.2024 07:00'";4;-;18;3;"sehr gut"
DENW212;"'30.03.2024 08:00'";4;-;22;3;gut
DENW212;"'30.03.2024 09:00'";5;-;26;3;gut
DENW212;"'30.03.2024 10:00'";5;-;21;3;gut
DENW212;"'30.03.2024 11:00'";6;-;25;3;gut
DENW212;"'30.03.2024 12:00'";8;-;23;4;gut
DENW212;"'30.03.2024 13:00'";10;-;-;5;"sehr gut"
DENW212;"'30.03.2024 14:00'";15;-;21;6;gut
DENW212;"'30.03.2024 15:00'";18;-;20;7;"sehr gut"
DENW212;"'30.03.2024 16:00'";19;-;23;7;gut
DENW212;"'30.03.2024 17:00'";20;-;34;7;gut
DENW212;"'30.03.2024 18:00'";21;-;39;8;gut
DENW212;"'30.03.2024 19:00'";22;-;38;8;gut
DENW212;"'30.03.2024 20:00'";23;-;38;9;gut
DENW212;"'30.03.2024 21:00'";23;-;42;9;mäßig
DENW212;"'30.03.2024 22:00'";24;-;33;10;gut
DENW212;"'30.03.2024 23:00'";24;-;39;10;gut
DENW212;"'30.03.2024 24:00'";25;-;34;10;gut
DENW212;"'31.03.2024 01:00'";25;-;51;10;mäßig
DENW212;"'31.03.2024 02:00'";25;-;67;11;mäßig
DENW212;"'31.03.2024 04:00'";26;-;62;11;mäßig
DENW212;"'31.03.2024 05:00'";26;-;43;11;mäßig
DENW212;"'31.03.2024 06:00'";26;-;27;11;gut
DENW212;"'31.03.2024 07:00'";27;-;19;12;gut
DENW212;"'31.03.2024 08:00'";27;-;17;12;gut
DENW212;"'31.03.2024 09:00'";28;-;17;12;gut
DENW212;"'31.03.2024 10:00'";28;-;21;12;gut
DENW212;"'31.03.2024 11:00'";28;-;14;12;gut
DENW212;"'31.03.2024 12:00'";28;-;9;12;gut
DENW212;"'31.03.2024 13:00'";26;-;9;12;gut
DENW212;"'31.03.2024 14:00'";24;-;9;11;gut
DENW212;"'31.03.2024 15:00'";20;-;-;10;"sehr gut"
DENW212;"'31.03.2024 16:00'";18;-;15;9;"sehr gut"
DENW212;"'31.03.2024 17:00'";17;-;12;9;"sehr gut"
DENW212;"'31.03.2024 18:00'";17;-;20;9;"sehr gut"
DENW212;"'31.03.2024 19:00'";17;-;23;9;gut
DENW212;"'31.03.2024 20:00'";17;-;29;9;gut
DENW212;"'31.03.2024 21:00'";16;-;35;8;gut
DENW212;"'31.03.2024 22:00'";16;-;52;8;mäßig
DENW212;"'31.03.2024 23:00'";16;-;21;8;gut
DENW212;"'31.03.2024 24:00'";15;-;25;7;gut
DENW212;"'01.04.2024 01:00'";15;-;28;7;gut

"Quelle: Umweltbundesamt, https://www.umweltbundesamt.de/daten/luft/luftdaten/luftqualitaet (Abruf: 30.04.2024). Alle Uhrzeiten sind in der jeweils zum Messzeitpunkt gültigen Zeit (MEZ bzw. MESZ) angegeben."
